variant,step,new_phase_tokens,total_tokens,train_loss,grad_norm,lr,tokens_per_second,updates_per_second,data_wait_seconds,peak_allocated_bytes,peak_reserved_bytes,cpu_rss_bytes,aux_loss
dense75_ref,12250,344064,100352000,2.8712902069091797,1.3721590042114258,2.5799999999999997e-05,31931.111122221744,3.897840713161834,0.0007420000001729932,1543940096,1830813696,1871228928,0.0
dense75_ref,12300,753664,100761600,2.5254859924316406,1.2451438903808594,5.5799999999999994e-05,31782.42694038594,3.8796907886213305,0.00073319999864907,1543940096,1830813696,1873629184,0.0
dense75_ref,12350,1163264,101171200,2.438786029815674,1.1821858882904053,8.579999999999998e-05,31938.182151142093,3.8987038758718375,0.0007382999974652193,1543940096,1830813696,1876271104,0.0
dense75_ref,12400,1572864,101580800,2.3707523345947266,1.2156153917312622,0.0001158,31722.67443229386,3.8723967812858717,0.0007365000019490253,1543940096,1830813696,1878536192,0.0
dense75_ref,12450,1982464,101990400,2.196202278137207,1.1947047710418701,0.0001458,31765.616899410797,3.877638781666357,0.0007925000027171336,1543940096,1830813696,1881104384,0.0
dense75_ref,12500,2392064,102400000,2.4798743724823,1.1128960847854614,0.00017579999999999996,31831.219929746978,3.8856469640804416,0.0007444000002578832,1543940096,1830813696,1883291648,0.0
dense75_ref,12550,2801664,102809600,1.6817554235458374,1.8990610837936401,0.0002058,31990.17801572421,3.9050510273100842,0.0007253000003402121,1543940096,1830813696,1885736960,0.0
dense75_ref,12600,3211264,103219200,2.163691759109497,1.1868250370025635,0.00023579999999999999,31579.949662010575,3.8549743239759002,0.0007597999974677805,1543940096,1830813696,1888169984,0.0
dense75_ref,12650,3620864,103628800,2.172788619995117,1.2648504972457886,0.00026579999999999996,31610.572563289286,3.858712471104649,0.0008254000022134278,1543940096,1830813696,1890627584,0.0
dense75_ref,12700,4030464,104038400,2.034665584564209,1.2628395557403564,0.0002958,31974.65758583535,3.9031564435834167,0.0007315000002563465,1543940096,1830813696,1892945920,0.0
dense75_ref,12750,4440064,104448000,2.5461251735687256,1.3133041858673096,0.00029999629513597145,31551.792004696144,3.85153710994826,0.0007311999979719985,1543940096,1830813696,1895284736,0.0
dense75_ref,12800,4849664,104857600,2.0407416820526123,1.4367703199386597,0.0002999822236823295,32165.160560763667,3.926411201265096,0.0007345999983954243,1543940096,1830813696,1897730048,0.0
dense75_ref,12850,5259264,105267200,2.2051095962524414,1.4029000997543335,0.00029995765231622757,30465.10607369405,3.7188850187614806,0.0007684999982302543,1543940096,1830813696,1900118016,0.0
dense75_ref,12900,5668864,105676800,2.4691734313964844,1.988761305809021,0.0002999225829490077,24630.793663513276,3.0066886796280854,0.0008035999999265186,1543940096,1830813696,1902317568,0.0
dense75_ref,12950,6078464,106086400,2.207693576812744,1.1530992984771729,0.00029987701830862376,32016.67118104016,3.9082850562793165,0.0007432000020344276,1543940096,1830813696,1904594944,0.0
dense75_ref,13000,6488064,106496000,1.71371328830719,1.0884087085723877,0.0002998209619394294,31566.113899864653,3.853285388167072,0.0007393999985652044,1543940096,1830813696,1907015680,0.0
dense75_ref,13050,6897664,106905600,2.054856300354004,1.4509587287902832,0.00029975441820190226,31653.55432094979,3.863959267694066,0.0007334999972954392,1543940096,1830813696,2541363200,0.0
dense75_ref,13100,7307264,107315200,2.01935076713562,1.0953421592712402,0.0002996773922723048,31967.02152188685,3.9022243068709535,0.0007516000005125534,1543940096,1830813696,2543534080,0.0
dense75_ref,13150,7716864,107724800,2.1325860023498535,1.2574634552001953,0.0002995898901422817,30813.893786305744,3.7614616438361503,0.0007246999994094949,1543940096,1830813696,2545946624,0.0
dense75_ref,13200,8126464,108134400,2.184288501739502,1.0888804197311401,0.0002994919186183937,31826.372220698868,3.8850552027220298,0.000732099997549085,1543940096,1830813696,2548109312,0.0
dense75_ref,13250,8536064,108544000,1.4462155103683472,1.2645306587219238,0.0002993834853215881,32236.979577414822,3.9351781710711453,0.0007237999998324085,1543940096,1830813696,2550419456,0.0
dense75_ref,13300,8945664,108953600,1.8226690292358398,1.185206651687622,0.0002992645986866063,32138.32031758486,3.9231348043926833,0.000724199999240227,1543940096,1830813696,1920954368,0.0
dense75_ref,13350,9355264,109363200,1.9301813840866089,1.2490266561508179,0.00029913526796132697,31937.32300320349,3.8985989994144887,0.0007503000015276484,1543940096,1830813696,1923137536,0.0
dense75_ref,13400,9764864,109772800,2.6248950958251953,1.246036410331726,0.0002989955032060475,31892.64884569793,3.8931456110471108,0.0007437000022036955,1543940096,1830813696,1925591040,0.0
dense75_ref,13450,10174464,110182400,1.9983052015304565,1.3120994567871094,0.0002988453152927009,32173.06848677529,3.9273765242645617,0.000715199999831384,1543940096,1830813696,1927761920,0.0
dense75_ref,13500,10584064,110592000,1.9210504293441772,1.1937981843948364,0.00029868471590401035,31606.75517230042,3.858246480993704,0.0007142000031308271,1543940096,1830813696,1929781248,0.0
dense75_ref,13550,10993664,111001600,1.9690271615982056,1.156968593597412,0.0002985137175325801,31999.000031212443,3.9061279334976127,0.00073579999661888,1543940096,1830813696,1932152832,0.0
dense75_ref,13600,11403264,111411200,2.01356840133667,1.123389482498169,0.0002983323334799242,29400.88166736228,3.5889748129104344,0.001019399998767767,1543940096,1830813696,1934262272,0.0
dense75_ref,13650,11812864,111820800,1.4695229530334473,1.0827453136444092,0.0002981405778554314,32215.50410461633,3.9325566533955483,0.0007273000010172836,1543940096,1830813696,1936400384,0.0
dense75_ref,13700,12222464,112230400,2.3344807624816895,1.1671799421310425,0.00029793846557526777,31907.455913804988,3.894953114478148,0.0007533999996667262,1543940096,1830813696,1938366464,0.0
dense75_ref,13750,12632064,112640000,2.057917833328247,1.1380642652511597,0.0002977260123612166,31657.11388524765,3.86439378482027,0.0007215000005089678,1543940096,1830813696,1940692992,0.0
dense75_ref,13800,13041664,113049600,2.0242505073547363,1.1113029718399048,0.000297503234739455,31688.0337828263,3.8681681863801636,0.000790399997640634,1543940096,1830813696,1942831104,0.0
dense75_ref,13850,13451264,113459200,1.8263527154922485,1.4101006984710693,0.0002972701500392687,31983.071460248146,3.9041835278623225,0.0007268999979714863,1543940096,1830813696,1944940544,0.0
dense75_ref,13900,13860864,113868800,2.0045814514160156,1.1081479787826538,0.00029702677639170406,32083.793845995762,3.9164787409662796,0.0007126999989850447,1543940096,1830813696,1946984448,0.0
dense75_ref,13950,14270464,114278400,1.821979284286499,1.0647108554840088,0.00029677313272815763,31881.899977462417,3.89183349334258,0.0007377000001724809,1543940096,1830813696,1949052928,0.0
dense75_ref,14000,14680064,114688000,1.8672776222229004,1.189083456993103,0.00029650923877890326,31701.228306390953,3.8697788459949893,0.0007578999975521583,1543940096,1830813696,1951309824,0.0
dense75_ref,14050,15089664,115097600,2.01782488822937,1.0694730281829834,0.0002962351150715579,31749.747498173165,3.8757015988980914,0.0007675000015296973,1543940096,1830813696,1953497088,0.0
dense75_ref,14100,15499264,115507200,1.5604329109191895,1.0003231763839722,0.0002959507829294844,31904.74688262031,3.894622422194862,0.0007065999998303596,1543940096,1830813696,1955446784,0.0
dense75_ref,14150,15908864,115916800,1.7361295223236084,1.071165680885315,0.00029565626447013285,32092.177257425657,3.917502106619343,0.0007370999992417637,1543940096,1830813696,1957429248,0.0
dense75_ref,14200,16318464,116326400,1.7055690288543701,1.0875130891799927,0.0002953515826033202,31765.579946496004,3.8776342708125004,0.0007158999978855718,1543940096,1830813696,1959772160,0.0
dense75_ref,14250,16728064,116736000,1.6511118412017822,1.206701397895813,0.0002950367610294482,32248.489729583067,3.9365832189432455,0.0008376000005227979,1543940096,1830813696,1961803776,0.0
dense75_ref,14300,17137664,117145600,1.8841835260391235,1.2550910711288452,0.00029471182423765986,31794.367444253887,3.8811483696598983,0.000736899997718865,1543940096,1830813696,1963720704,0.0
dense75_ref,14350,17547264,117555200,2.680619955062866,1.2823237180709839,0.0002943767975039342,32100.917258702968,3.9185690013065146,0.000727099999494385,1543940096,1830813696,1965858816,0.0
dense75_ref,14400,17956864,117964800,1.5587289333343506,1.0496827363967896,0.0002940317068891205,31711.536503939064,3.871037170890999,0.0008066999980655964,1543940096,1830813696,1967915008,0.0
dense75_ref,14450,18366464,118374400,1.744411587715149,1.1247444152832031,0.00029367657923691075,30269.27162699624,3.6949794466548145,0.000758099999075057,1543940096,1830813696,1969917952,0.0
dense75_ref,14500,18776064,118784000,2.0834572315216064,1.1780297756195068,0.00029331144217175183,31723.300942711587,3.872473259608348,0.0007369000013568439,1543940096,1830813696,1971822592,0.0
dense75_ref,14550,19185664,119193600,1.7089049816131592,1.2025562524795532,0.00029293632409669646,30486.057615226706,3.7214425799837287,0.0009294000010413583,1543940096,1830813696,1974054912,0.0
dense75_ref,14600,19595264,119603200,2.7424919605255127,1.3323633670806885,0.0002925512541911939,27976.527311035512,3.4151034315228896,0.0010751000008895062,1543940096,1830813696,1975939072,0.0
dense75_ref,14650,20004864,120012800,1.4353227615356445,0.994633138179779,0.00029215626240882027,31717.1106298882,3.8717176061875245,0.0009840000020631123,1543940096,1830813696,1977896960,0.0
dense75_ref,14700,20414464,120422400,1.9475399255752563,1.432342767715454,0.0002917513794749482,32243.501411321686,3.935974293374229,0.0007187999981397297,1543940096,1830813696,1979801600,0.0
dense75_ref,14750,20824064,120832000,2.460712432861328,1.3310171365737915,0.0002913366368843572,32143.074348379105,3.923715130417371,0.0007108000027074013,1543940096,1830813696,1981685760,0.0
dense75_ref,14800,21233664,121241600,1.8351680040359497,1.2145142555236816,0.00029091206689878344,32094.364955133795,3.917769159562231,0.000732700002117781,1543940096,1830813696,1983746048,0.0
dense75_ref,14850,21643264,121651200,1.6202733516693115,1.7397395372390747,0.00029047770254441043,31953.118783767008,3.9005271952840586,0.0007322999990719836,1543940096,1830813696,1985667072,0.0
dense75_ref,14900,22052864,122060800,1.6198118925094604,1.0876424312591553,0.0002900335776092998,32029.42703606698,3.909842167488645,0.0007288000015250873,1543940096,1830813696,1987588096,0.0
dense75_ref,14950,22462464,122470400,1.2840428352355957,1.177193284034729,0.0002895797266407631,32128.249445534067,3.9219054498942953,0.0007189999996626284,1543940096,1830813696,1989349376,0.0
dense75_ref,15000,22872064,122880000,1.6117438077926636,1.0858505964279175,0.0002891161849426746,31861.155060056706,3.8893011547920784,0.0007342999997490551,1543940096,1830813696,1991245824,0.0
dense75_ref,15050,23281664,123289600,2.4474856853485107,1.2708576917648315,0.0002886429885727247,32244.389802786314,3.9360827395979388,0.000719700001354795,1543940096,1830813696,1993363456,0.0
dense75_ref,15100,23691264,123699200,2.049689292907715,1.241686224937439,0.00028816017433961564,32242.25774504841,3.9358224786436047,0.0007828999987395946,1543940096,1830813696,1995157504,0.0
dense75_ref,15150,24100864,124108800,1.641319751739502,1.0487995147705078,0.0002876677798001977,31876.354608546204,3.8911565684260503,0.0007315000002563465,1543940096,1830813696,1997180928,0.0
dense75_ref,15200,24510464,124518400,2.3604447841644287,1.5351324081420898,0.0002871658432565482,31653.542090056926,3.863957774665152,0.000874399996973807,1543940096,1830813696,1999216640,0.0
dense75_ref,15250,24920064,124928000,1.7552995681762695,0.9750466346740723,0.00028665440375299193,32096.905070210752,3.918079232203461,0.0007155000021157321,1543940096,1830813696,2001018880,0.0
dense75_ref,15300,25329664,125337600,2.0075907707214355,1.4077339172363281,0.0002861335010730637,32131.462867968075,3.922297713375009,0.0007167000003391877,1543940096,1830813696,2002784256,0.0
dense75_ref,15350,25739264,125747200,1.566756010055542,1.092335820198059,0.00028560317573641413,32140.211673511993,3.923365682801757,0.0007231000017782208,1543940096,1830813696,2004905984,0.0
dense75_ref,15400,26148864,126156800,1.843404769897461,1.0198389291763306,0.00028506346899565753,32148.66244787244,3.924397271468804,0.0007121000016923063,1543940096,1830813696,2006663168,0.0
dense75_ref,15450,26558464,126566400,2.1106009483337402,1.1337029933929443,0.00028451442283316305,31619.393897248046,3.859789294097662,0.0007392999978037551,1543940096,1830813696,2008485888,0.0
dense75_ref,15500,26968064,126976000,1.6508851051330566,1.134962558746338,0.0002839560799577887,32173.46019460588,3.9274243401618505,0.000711500000761589,1543940096,1830813696,2010214400,0.0
dense75_ref,15550,27377664,127385600,1.3094638586044312,0.9981375932693481,0.0002833884838015596,32145.93753323896,3.924064640287959,0.0007167000003391877,1543940096,1830813696,2012094464,0.0
dense75_ref,15600,27787264,127795200,1.6195164918899536,1.07624089717865,0.00028281167851628905,31984.407601499082,3.9043466310423685,0.0007406000004266389,1543940096,1830813696,2014011392,0.0
dense75_ref,15650,28196864,128204800,1.1384446620941162,1.0063300132751465,0.0002822257089701445,31563.365227749404,3.8529498569030034,0.0007648999999219086,1543940096,1830813696,2015858688,0.0
dense75_ref,15700,28606464,128614400,2.207489490509033,1.125497579574585,0.00028163062074415703,32197.49895568663,3.9303587592390907,0.0007442999994964339,1543940096,1830813696,2017562624,0.0
dense75_ref,15750,29016064,129024000,1.6249043941497803,1.0338469743728638,0.00028102646012867586,32116.359074368647,3.9204539885703915,0.0007178999985626433,1543940096,1830813696,2019184640,0.0
dense75_ref,15800,29425664,129433600,1.6326953172683716,1.0306463241577148,0.0002804132741197676,31853.189148949004,3.888328753533814,0.0008085999979812186,1543940096,1830813696,2020896768,0.0
dense75_ref,15850,29835264,129843200,2.062343120574951,1.2738600969314575,0.0002797911104155606,31557.638339022316,3.852250773806435,0.0007368000005953945,1543940096,1830813696,2022817792,0.0
dense75_ref,15900,30244864,130252800,1.779578685760498,1.2870290279388428,0.0002791600174125343,32272.76792187741,3.939546865463551,0.0007206000009318814,1543940096,1830813696,2024550400,0.0
dense75_ref,15950,30654464,130662400,1.688414216041565,1.1521366834640503,0.000278520044201755,32076.457242936558,3.915583159538154,0.0007228000031318516,1543940096,1830813696,2026549248,0.0
dense75_ref,16000,31064064,131072000,1.402831792831421,1.0620636940002441,0.000277871240565057,32009.853032703224,3.9074527627811553,0.0007718999986536801,1543940096,1830813696,2028187648,0.0
dense75_ref,16050,31473664,131481600,1.0568817853927612,0.9081680178642273,0.0002772136569711702,30621.849317362146,3.738018715498309,0.000753100001020357,1543940096,1830813696,2030133248,0.0
dense75_ref,16100,31883264,131891200,1.838904619216919,1.1692404747009277,0.0002765473445717942,31771.40720749284,3.8783456063834034,0.0007242000028782059,1543940096,1830813696,2031706112,0.0
dense75_ref,16150,32292864,132300800,1.557510256767273,1.1548949480056763,0.00027587235519761967,32127.69503759611,3.9218377731440563,0.0007193999990704469,1543940096,1830813696,2033594368,0.0
dense75_ref,16200,32702464,132710400,1.5718271732330322,1.091161847114563,0.0002751887413542962,32097.584179090223,3.9181621312365995,0.0007245999986480456,1543940096,1830813696,2035302400,0.0
dense75_ref,16250,33112064,133120000,1.999091386795044,1.1239200830459595,0.0002744965562183482,32289.088243153285,3.9415390921817974,0.0007260000020323787,1543940096,1830813696,2037149696,0.0
dense75_ref,16300,33521664,133529600,1.824507236480713,1.20740807056427,0.0002737958536330383,32096.175689062307,3.9179901964187387,0.000716499998816289,1543940096,1830813696,2038910976,0.0
dense75_ref,16350,33931264,133939200,1.8668358325958252,1.4725443124771118,0.0002730866881041793,31742.648953739405,3.874835077360767,0.0007337999995797873,1543940096,1830813696,2040483840,0.0
dense75_ref,16400,34340864,134348800,1.3429491519927979,0.967570424079895,0.0002723691147958941,31990.690209172455,3.905113550924372,0.0007117999994079582,1543940096,1830813696,2042253312,0.0
dense75_ref,16450,34750464,134758400,1.7898976802825928,1.0286798477172852,0.0002716431895263246,31827.188313596514,3.8851548234370745,0.0007383999982266687,1543940096,1830813696,2043953152,0.0
dense75_ref,16500,35160064,135168000,1.7481145858764648,1.0419678688049316,0.0002709089687632899,32003.36285334741,3.90666050455901,0.0007777999999234453,1543940096,1830813696,2045657088,0.0
dense75_ref,16550,35569664,135577600,1.849129557609558,1.221217393875122,0.0002701665096198936,30010.97569382795,3.663449181375482,0.0007557000026281457,1543940096,1830813696,2047229952,0.0
dense75_ref,16600,35979264,135987200,2.1344950199127197,1.1305224895477295,0.00026941586985008146,30159.29349495555,3.681554381708441,0.0007097000016074162,1543940096,1830813696,2048950272,0.0
dense75_ref,16650,36388864,136396800,1.9812994003295898,1.1127636432647705,0.00026865710784414854,32163.897673914536,3.9262570402727706,0.0007319999967876356,1543940096,1830813696,2050785280,0.0
dense75_ref,16700,36798464,136806400,2.051455497741699,1.2215276956558228,0.0002678902826241973,31710.419458338496,3.870900812785461,0.0007368000005953945,1543940096,1830813696,2052325376,0.0
dense75_ref,16750,37208064,137216000,1.9183634519577026,1.2230437994003296,0.00026711545383954646,31757.538635593803,3.876652665477759,0.0007294000024558045,1543940096,1830813696,2054049792,0.0
dense75_ref,16800,37617664,137625600,1.5918720960617065,1.2075889110565186,0.000266332681762091,32214.566631350284,3.9324422157410015,0.0007207999988168012,1543940096,1830813696,2055561216,0.0
dense75_ref,16850,38027264,138035200,1.7184613943099976,1.2106573581695557,0.0002655420272816138,32145.00410478515,3.923950696384906,0.0007284000021172687,1543940096,1830813696,2057392128,0.0
dense75_ref,16900,38436864,138444800,1.6014522314071655,1.1990885734558105,0.0002647435519010491,30524.907683959875,3.726185020014633,0.0009070000014617108,1543940096,1830813696,2058981376,0.0
dense75_ref,16950,38846464,138854400,1.5920661687850952,1.020377278327942,0.00026393731773169843,31675.401375011472,3.86662614441058,0.0009461999979976099,1543940096,1830813696,2060492800,0.0
dense75_ref,17000,39256064,139264000,1.606573462486267,1.0794813632965088,0.0002631233874883992,31105.43916116781,3.7970506788534926,0.0008118000005197246,1543940096,1830813696,2062110720,0.0
dense75_ref,17050,39665664,139673600,1.5153406858444214,1.0434106588363647,0.000262301824484646,32023.517270567718,3.9091207605673484,0.000722100001439685,1543940096,1830813696,2063794176,0.0
dense75_ref,17100,40075264,140083200,1.889676809310913,1.1870650053024292,0.000261472692627666,31889.259563440693,3.892731880302819,0.0007826000000932254,1543940096,1830813696,2065346560,0.0
dense75_ref,17150,40484864,140492800,1.6054025888442993,1.218933343887329,0.00026063605641344744,31932.418030741603,3.898000247893262,0.0007719999994151294,1543940096,1830813696,2066890752,0.0
dense75_ref,17200,40894464,140902400,1.424739956855774,1.1193894147872925,0.0002597919809217228,32110.37942908363,3.9197240514018103,0.0007101999981387053,1543940096,1830813696,2068553728,0.0
dense75_ref,17250,41304064,141312000,2.059521436691284,1.1635113954544067,0.00025894053181090644,32065.860270909925,3.914289583851309,0.0007493999983125832,1543940096,1830813696,2070118400,0.0
dense75_ref,17300,41713664,141721600,1.6620644330978394,1.0735539197921753,0.00025808177531298716,31733.144091286948,3.873674815830926,0.00073079999856418,1543940096,1830813696,2071638016,0.0
dense75_ref,17350,42123264,142131200,1.7850167751312256,1.4871132373809814,0.00025721577822837626,32102.6280894568,3.9187778429512696,0.0007251000024552923,1543940096,1830813696,2073092096,0.0
dense75_ref,17400,42532864,142540800,1.617684245109558,1.116262674331665,0.00025634260792071106,31584.381616171664,3.85551533400533,0.0007436999985657167,1543940096,1830813696,2074497024,0.0
dense75_ref,17450,42942464,142950400,1.7890710830688477,1.0354293584823608,0.0002554623323116153,32286.772118854642,3.9412563621648733,0.0007261999999172986,1543940096,1830813696,2076135424,0.0
dense75_ref,17500,43352064,143360000,1.9247634410858154,1.2177846431732178,0.0002545750198754154,31417.801144852132,3.8351808038149575,0.0007483000008505769,1543940096,1830813696,2077519872,0.0
dense75_ref,17550,43761664,143769600,2.0577707290649414,1.4375752210617065,0.00025368073963381383,31997.5751837823,3.9059540019265504,0.0007250999988173135,1543940096,1830813696,2079252480,0.0
dense75_ref,17600,44171264,144179200,2.0168919563293457,1.2180198431015015,0.00025277956115052054,31684.761378298594,3.86776872293684,0.000776400000177091,1543940096,1830813696,2080571392,0.0
dense75_ref,17650,44580864,144588800,1.5750802755355835,1.2608603239059448,0.0002518715545258416,26498.129249074325,3.2346349180998932,0.0008495000001857989,1543940096,1830813696,2082275328,0.0
dense75_ref,17700,44990464,144998400,1.6832482814788818,1.123964548110962,0.00025095679039122625,31897.591287690815,3.893748936485695,0.0008238000009441748,1543940096,1830813696,2083696640,0.0
dense75_ref,17750,45400064,145408000,2.194019079208374,1.1824568510055542,0.00025003533990377246,31903.39253952383,3.8944570971098424,0.0007308000022021588,1543940096,1830813696,2085228544,0.0
dense75_ref,17800,45809664,145817600,1.5547162294387817,1.0367645025253296,0.0002491072747406922,32045.502109663947,3.9118044567460872,0.0007210000003396999,1543940096,1830813696,2086694912,0.0
dense75_ref,17850,46219264,146227200,2.903050422668457,1.809241533279419,0.00024817266709373573,31626.840346430636,3.860698284476396,0.0007304000027943403,1543940096,1830813696,2088189952,0.0
dense75_ref,17900,46628864,146636800,1.8416666984558105,1.1689667701721191,0.0002472315896635758,31173.690196912903,3.8053821041153446,0.0009637999974074773,1543940096,1830813696,2089611264,0.0
dense75_ref,17950,47038464,147046400,1.6449886560440063,1.402928352355957,0.00024628411565415264,32207.005495743986,3.931519225554686,0.0007068000013532583,1543940096,1830813696,2091167744,0.0
dense75_ref,18000,47448064,147456000,2.001723051071167,1.1323603391647339,0.0002453303187669795,30777.496210285895,3.757018580357165,0.000729800001863623,1543940096,1830813696,2092589056,0.0
dense75_ref,18050,47857664,147865600,1.6152210235595703,1.3409919738769531,0.0002443702731954098,31549.56829226686,3.851265660677107,0.0007396000000881031,1543940096,1830813696,2094116864,0.0
dense75_ref,18100,48267264,148275200,1.8705700635910034,1.1702038049697876,0.00024340405361886568,31148.644280920085,3.8023247413232526,0.0007069999992381781,1543940096,1830813696,2095616000,0.0
dense75_ref,18150,48676864,148684800,1.9246370792388916,1.1526764631271362,0.00024243173519702886,31901.379874970393,3.894211410518847,0.0007989000005181879,1543940096,1830813696,2096877568,0.0
dense75_ref,18200,49086464,149094400,1.9832069873809814,1.201795220375061,0.0002414533935639942,28941.68878589051,3.5329209943714,0.0007221999985631555,1543940096,1830813696,2098335744,0.0
dense75_ref,18250,49496064,149504000,1.8210092782974243,1.3654019832611084,0.00024046910482238633,32025.84585845613,3.9094050120185706,0.0007426000011037104,1543940096,1830813696,2099851264,0.0
dense75_ref,18300,49905664,149913600,1.8047459125518799,1.3737214803695679,0.00023947894553743988,32120.01090040927,3.920899768116366,0.0007409999998344574,1543940096,1830813696,2101100544,0.0
dense75_ref,18350,50315264,150323200,1.8372293710708618,1.1922396421432495,0.00023848299273104354,31895.417915192724,3.8934836322256743,0.000733500000933418,1543940096,1830813696,2102550528,0.0
dense75_ref,18400,50724864,150732800,1.8774363994598389,1.2239452600479126,0.00023748132387574886,32105.584733455675,3.9191387614081634,0.0007173000012699049,1543940096,1830813696,2103873536,0.0
dense75_ref,18450,51134464,151142400,1.284339189529419,1.0925893783569336,0.00023647401688874388,32082.172971981097,3.9162808803687863,0.0007213999997475185,1543940096,1830813696,2105458688,0.0
dense75_ref,18500,51544064,151552000,2.1022846698760986,1.3351715803146362,0.00023546115012579186,32319.100620061618,3.9452027124098654,0.000709100000676699,1543940096,1830813696,2106826752,0.0
dense75_ref,18550,51953664,151961600,1.2905153036117554,1.014113426208496,0.00023444280237513673,32035.664704931492,3.9106036016762076,0.0007201000007626135,1543940096,1830813696,2108051456,0.0
dense75_ref,18600,52363264,152371200,1.01435124874115,0.8529942035675049,0.00023341905285137379,32112.41855251473,3.9199729678362707,0.0007374999986495823,1543940096,1830813696,2109317120,0.0
dense75_ref,18650,52772864,152780800,1.6832029819488525,1.0847089290618896,0.00023238998118928824,31748.898458105294,3.8755979563116814,0.0007493000011891127,1543940096,1830813696,2110705664,0.0
dense75_ref,18700,53182464,153190400,1.9399844408035278,1.5243066549301147,0.00023135566743766035,31908.350741305476,3.895062346350766,0.0007225000008475035,1543940096,1830813696,2112081920,0.0
dense75_ref,18750,53592064,153600000,1.5967119932174683,1.1091375350952148,0.0002303161920530388,32139.782946645617,3.9233133479792013,0.0007299000026250724,1543940096,1830813696,2113413120,0.0
dense75_ref,18800,54001664,154009600,1.5627244710922241,1.2738475799560547,0.00022927163589348204,31585.11227684123,3.8556045259815956,0.0007019999975454994,1543940096,1830813696,2114711552,0.0
dense75_ref,18850,54411264,154419200,1.432124376296997,1.039609670639038,0.00022822208021226883,31637.894411621448,3.862047657668634,0.0008818999995128252,1543940096,1830813696,2116018176,0.0
dense75_ref,18900,54820864,154828800,2.1747045516967773,1.523157000541687,0.00022716760665157746,31762.365396627498,3.877241869705505,0.0007100000002537854,1543940096,1830813696,2117337088,0.0
dense75_ref,18950,55230464,155238400,2.2141568660736084,1.231278896331787,0.00022610829723613508,31667.13633936466,3.86561722892635,0.0007506000001740176,1543940096,1830813696,2118610944,0.0
dense75_ref,19000,55640064,155648000,2.0080726146698,1.412865400314331,0.00022504423436683747,32134.286169227533,3.922642354642033,0.0007256999997480307,1543940096,1830813696,2119725056,0.0
dense75_ref,19050,56049664,156057600,1.859264612197876,1.154091477394104,0.00022397550081433885,31599.305987981068,3.85733715673597,0.0007373999978881329,1543940096,1830813696,2121383936,0.0
dense75_ref,19100,56459264,156467200,0.9826794266700745,1.1091465950012207,0.0002229021797126139,31927.352800511137,3.8973819336561446,0.0007173999983933754,1543940096,1830813696,2122256384,0.0
dense75_ref,19150,56868864,156876800,1.2868971824645996,1.1184316873550415,0.00022182435455249044,31658.679857707357,3.8645849435677926,0.0007594000016979408,1543940096,1830813696,2123657216,0.0
dense75_ref,19200,57278464,157286400,1.7972766160964966,1.2027946710586548,0.00022074210917515523,32109.259280274593,3.9195873144866447,0.0007279999990714714,1543940096,1830813696,2124828672,0.0
dense75_ref,19250,57688064,157696000,1.576109528541565,1.0836881399154663,0.0002196555277656322,31898.907875416215,3.8939096527607684,0.0007211999982246198,1543940096,1830813696,2126192640,0.0
dense75_ref,19300,58097664,158105600,1.818625569343567,1.106687307357788,0.00021856469484623372,31958.01765092644,3.9011252015291062,0.0007592000001750421,1543940096,1830813696,2127409152,0.0
dense75_ref,19350,58507264,158515200,1.6143525838851929,1.1539238691329956,0.00021746969526998604,29541.895073338765,3.6061883634446734,0.0007220999978017062,1543940096,1830813696,2128662528,0.0
dense75_ref,19400,58916864,158924800,1.5934354066848755,1.1805732250213623,0.00021637061421402853,30880.963160357776,3.7696488232858614,0.0007240999984787777,1543940096,1830813696,2129846272,0.0
dense75_ref,19450,59326464,159334400,1.4865076541900635,1.3122425079345703,0.00021526753717298843,31792.86205212291,3.880964605972035,0.0007589999986521434,1543940096,1830813696,2131075072,0.0
dense75_ref,19500,59736064,159744000,1.6417980194091797,1.087471604347229,0.00021416054995232982,31130.82966800697,3.800150105957882,0.0007189999996626284,1543940096,1830813696,2132242432,0.0
dense75_ref,19550,60145664,160153600,1.745934247970581,1.199913740158081,0.0002130497386616796,32072.878098486737,3.915146252256682,0.0007351999993261416,1543940096,1830813696,2133549056,0.0
dense75_ref,19600,60555264,160563200,1.1743477582931519,1.034456729888916,0.000211935189708129,32028.400183333593,3.909716819254589,0.0007636999980604742,1543940096,1830813696,2134736896,0.0
dense75_ref,19650,60964864,160972800,1.8054790496826172,1.1598589420318604,0.00021081698978951216,32279.227931014535,3.9403354407976727,0.0007158000007621013,1543940096,1830813696,2135982080,0.0
dense75_ref,19700,61374464,161382400,2.2360761165618896,1.5532585382461548,0.0002096952258876622,31949.604491262297,3.900098204499792,0.0007287000007636379,1543940096,1830813696,2137124864,0.0
dense75_ref,19750,61784064,161792000,1.573777198791504,1.1781048774719238,0.00020856998526164522,31842.900067306822,3.887072762122415,0.0007302999983949121,1543940096,1830813696,2138378240,0.0
dense75_ref,19800,62193664,162201600,1.8999449014663696,1.2100486755371094,0.00020744135544097244,31320.192768882567,3.8232657188577353,0.00073079999856418,1543940096,1830813696,2139475968,0.0
dense75_ref,19850,62603264,162611200,1.3864402770996094,1.0459375381469727,0.00020630942421879172,31942.154753818308,3.8991888127219614,0.0007260999991558492,1543940096,1830813696,2140459008,0.0
dense75_ref,19900,63012864,163020800,1.7065123319625854,1.2078129053115845,0.00020517427964505817,29660.73005499716,3.6206945867916454,0.0007200000000011642,1543940096,1830813696,2141728768,0.0
dense75_ref,19950,63422464,163430400,1.4739396572113037,1.2602200508117676,0.0002040360100196852,32164.907975368234,3.9263803680869427,0.0007057999973767437,1543940096,1830813696,2142875648,0.0
dense75_ref,20000,63832064,163840000,1.8913370370864868,1.2571189403533936,0.0002028947038856756,31862.53060520727,3.8894690680184656,0.0007173999983933754,1543940096,1830813696,2144100352,0.0
dense75_ref,20050,64241664,164249600,1.677106499671936,1.097293734550476,0.00020175045002223443,31845.289117134573,3.8873643941814664,0.0007561000020359643,1543940096,1855979520,2779697152,0.0
dense75_ref,20100,64651264,164659200,1.6432180404663086,1.2228760719299316,0.00020060333743786264,31887.422451498802,3.892507623473975,0.0007148000004235655,1543940096,1855979520,2780737536,0.0
dense75_ref,20150,65060864,165068800,1.896517276763916,1.0988308191299438,0.0001994534553634337,31563.742229865453,3.8529958776691227,0.0007317000017792452,1543940096,1855979520,2115223552,0.0
dense75_ref,20200,65470464,165478400,1.6106189489364624,1.1170694828033447,0.00019830089324525242,32037.694349800535,3.9108513610596356,0.0008275000000139698,1543940096,1855979520,2116194304,0.0
dense75_ref,20250,65880064,165888000,1.9627575874328613,1.2690989971160889,0.0001971457407380971,32026.296592251707,3.909460033233851,0.0007083999989845324,1543940096,1855979520,2117402624,0.0
dense75_ref,20300,66289664,166297600,1.9057981967926025,1.407831072807312,0.00019598808769824566,32296.267794090847,3.9424155022083553,0.000703800000337651,1543940096,1855979520,2118471680,0.0
dense75_ref,20350,66699264,166707200,1.748199701309204,1.3781075477600098,0.00019482802417648595,31827.151217291026,3.885150295079471,0.0007416000007651746,1543940096,1855979520,2119626752,0.0
dense75_ref,20400,67108864,167116800,1.7188664674758911,1.1100633144378662,0.00019366564041111068,31983.933070892796,3.904288704942968,0.0007120000009308569,1543940096,1855979520,2120646656,0.0
dense75_ref,20450,67518464,167526400,1.8635413646697998,1.4318277835845947,0.00019250102682089832,31907.46834216106,3.8949546316114576,0.0007526000008510891,1543940096,1855979520,2121900032,0.0
dense75_ref,20500,67928064,167936000,2.3215208053588867,1.3214325904846191,0.00019133427399807969,31650.558057380502,3.863593512863831,0.0009140000001934823,1543940096,1855979520,2123026432,0.0
dense75_ref,20550,68337664,168345600,1.7233282327651978,1.1636862754821777,0.0001901654727012906,31536.08691536761,3.8496199847860852,0.000700400003552204,1543940096,1855979520,2124177408,0.0
dense75_ref,20600,68747264,168755200,1.676448106765747,1.1342962980270386,0.00018899471384851258,31923.96857930606,3.8969688207160718,0.0007256000026245601,1543940096,1855979520,2125258752,0.0
dense75_ref,20650,69156864,169164800,1.7911560535430908,1.2598274946212769,0.00018782208851000006,32240.037151618577,3.9355514101096896,0.0007114000000001397,1543940096,1855979520,2126401536,0.0
dense75_ref,20700,69566464,169574400,1.555975079536438,1.2328299283981323,0.00018664768790119663,31996.250439343585,3.9057922899589337,0.0007136999993235804,1543940096,1855979520,2127360000,0.0
dense75_ref,20750,69976064,169984000,1.5488609075546265,1.3094842433929443,0.00018547160337563934,31748.5047160326,3.875549892093823,0.0007231999989016913,1543940096,1855979520,2128457728,0.0
dense75_ref,20800,70385664,170393600,1.881645917892456,2.102227210998535,0.00018429392641785292,31423.127836326054,3.83583103470777,0.0009948000006261282,1543940096,1855979520,2129354752,0.0
dense75_ref,20850,70795264,170803200,1.5635701417922974,1.437180519104004,0.00018311474863623296,32307.43808588506,3.943779063218391,0.0007163000009313691,1543940096,1855979520,2130366464,0.0
dense75_ref,20900,71204864,171212800,1.6801899671554565,1.2863324880599976,0.00018193416175592048,31909.270476698955,3.8951746187376655,0.0007269999987329356,1543940096,1855979520,2131517440,0.0
dense75_ref,20950,71614464,171622400,1.4731703996658325,1.2509703636169434,0.00018075225761166625,31145.908620758793,3.80199079843247,0.0007256999997480307,1543940096,1855979520,2132393984,0.0
dense75_ref,21000,72024064,172032000,1.8925440311431885,1.4662353992462158,0.00017956912814068795,31183.337622048424,3.806559768316458,0.0007222000022011343,1543940096,1855979520,2133413888,0.0
dense75_ref,21050,72433664,172441600,2.0467166900634766,1.534024715423584,0.0001783848653755178,31850.452173692524,3.8879946501089506,0.0007280999998329207,1543940096,1855979520,2767839232,0.0
dense75_ref,21100,72843264,172851200,2.292628526687622,1.304558515548706,0.00017719956143684415,31964.72642511169,3.901944143690392,0.0006969999994907994,1543940096,1855979520,2768891904,0.0
dense75_ref,21150,73252864,173260800,1.069236159324646,1.0547341108322144,0.00017601330852634565,31834.745339615492,3.886077311964782,0.0007387000005110167,1543940096,1855979520,2769969152,0.0
dense75_ref,21200,73662464,173670400,2.2235913276672363,1.311813235282898,0.00017482619891951885,32201.05533936886,3.9307928881065504,0.0007010000008449424,1543940096,1855979520,2770845696,0.0
dense75_ref,21250,74072064,174080000,2.0779895782470703,1.2374364137649536,0.00017363832495850034,32206.536999109343,3.9314620360240897,0.0006917000027897302,1543940096,1855979520,2138529792,0.0
dense75_ref,21300,74481664,174489600,2.147662401199341,1.1669420003890991,0.000172449779044884,32248.121582049444,3.93653827905877,0.0006987000015215017,1543940096,1855979520,2139561984,0.0
dense75_ref,21350,74891264,174899200,1.6318211555480957,1.2284998893737793,0.00017126065363253306,31839.125356972847,3.8866119820523495,0.0007863999999244697,1543940096,1855979520,2140536832,0.0
dense75_ref,21400,75300864,175308800,2.0295581817626953,1.7893885374069214,0.00017007104122038848,32087.67707063478,3.9169527674114724,0.0008124000014504418,1543940096,1855979520,2141499392,0.0
dense75_ref,21450,75710464,175718400,1.1561050415039062,0.9474110007286072,0.00016888103434527354,31761.3432817056,3.877117099817578,0.0007253000003402121,1543940096,1855979520,2142384128,0.0
dense75_ref,21500,76120064,176128000,1.5042243003845215,1.2539427280426025,0.00016769072557469585,31834.151531719224,3.8860048256493194,0.0007121999988157768,1543940096,1855979520,2143371264,0.0
dense75_ref,21550,76529664,176537600,1.8253241777420044,1.2758216857910156,0.00016650020749964673,30291.690640109828,3.6977161425915317,0.0009465000002819579,1543940096,1855979520,2144301056,0.0
dense75_ref,21600,76939264,176947200,1.5779517889022827,1.085693359375,0.0001653095727273986,31975.556186173922,3.903266136007559,0.0007052000000840053,1543940096,1855979520,2145275904,0.0
dense75_ref,21650,77348864,177356800,1.3003894090652466,1.0603300333023071,0.00016411891387430145,32167.610844432016,3.926710308158205,0.0007122999995772261,1543940096,1855979520,2146095104,0.0
dense75_ref,21700,77758464,177766400,1.459794282913208,1.1575449705123901,0.0001629283235585787,31755.138114680947,3.876359633139764,0.0007006999985605944,1543940096,1855979520,2147176448,0.0
dense75_ref,21750,78168064,178176000,1.2904260158538818,1.0930676460266113,0.00016173789439312216,31860.93200999413,3.8892739270012364,0.0007442999994964339,1543940096,1855979520,2148098048,0.0
dense75_ref,21800,78577664,178585600,1.6692403554916382,1.1193839311599731,0.00016054771897828823,32013.60578263436,3.9079108621379834,0.0007073999986459967,1543940096,1855979520,2149007360,0.0
dense75_ref,21850,78987264,178995200,1.455440640449524,1.3151260614395142,0.0001593578898946948,32014.21881499163,3.907985695189408,0.0007067999977152795,1543940096,1855979520,2149744640,0.0
dense75_ref,21900,79396864,179404800,1.7817546129226685,1.1577675342559814,0.0001581684996960196,32336.450663891956,3.9473206376821235,0.0007007999993220437,1543940096,1855979520,2150490112,0.0
dense75_ref,21950,79806464,179814400,1.5253225564956665,1.1779403686523438,0.0001569796409018005,32113.17384941083,3.920065167164408,0.0006933999975444749,1543940096,1855979520,2151612416,0.0
dense75_ref,22000,80216064,180224000,1.5527222156524658,1.2142655849456787,0.00015579140599023892,32183.38242154473,3.928635549504972,0.0007560999983979855,1543940096,1855979520,2152472576,0.0
dense75_ref,22050,80625664,180633600,1.0337960720062256,1.0635579824447632,0.00015460388739100606,31871.48074386085,3.8905616142408266,0.0007193999990704469,1543940096,1855979520,2803511296,0.0
dense75_ref,22100,81035264,181043200,1.6818350553512573,1.2656376361846924,0.00015341717747805304,31847.86424539816,3.88767874089333,0.0007171999968704768,1543940096,1855979520,2804432896,0.0
dense75_ref,22150,81444864,181452800,1.2335482835769653,0.8685526251792908,0.00015223136856242552,32076.83404159767,3.9156291554684657,0.0007095000000845175,1543940096,1855979520,2805264384,0.0
dense75_ref,22200,81854464,181862400,1.858366847038269,1.3027698993682861,0.00015104655288508277,26714.782842699693,3.26108188997799,0.0007105000004230533,1543940096,1855979520,2156032000,0.0
dense75_ref,22250,82264064,182272000,2.0059328079223633,1.4926345348358154,0.00014986282260972278,32282.217195604524,3.940700341260318,0.0007042999968689401,1543940096,1855979520,2156875776,0.0
dense75_ref,22300,82673664,182681600,1.9925354719161987,1.3195327520370483,0.00014868026981561296,32264.569469839367,3.938546077861251,0.0007030000015220139,1543940096,1855979520,2157690880,0.0
dense75_ref,22350,83083264,183091200,1.4638315439224243,1.0592496395111084,0.00014749898649042746,32154.025317084564,3.9250519185894244,0.0006938999977137428,1543940096,1855979520,2158452736,0.0
dense75_ref,22400,83492864,183500800,1.5777571201324463,1.2414206266403198,0.00014631906452309185,31881.924793479924,3.8918365226415923,0.0007583999977214262,1543940096,1855979520,2159202304,0.0
dense75_ref,22450,83902464,183910400,1.60988450050354,1.2316409349441528,0.00014514059569663537,32091.573807583292,3.9174284433085074,0.0007024000005912967,1543940096,1855979520,2159960064,0.0
dense75_ref,22500,84312064,184320000,1.7028733491897583,1.364145040512085,0.00014396367168105105,30728.707747515444,3.7510629574603813,0.0007065999998303596,1543940096,1855979520,2160988160,0.0
dense75_ref,22550,84721664,184729600,1.3990797996520996,1.1062984466552734,0.0001427883840261652,31999.012530531287,3.90612945929337,0.0007079000024532434,1543940096,1855979520,2161754112,0.0
dense75_ref,22600,85131264,185139200,1.5448367595672607,1.1625386476516724,0.000141614824154516,30149.492460276226,3.6803579663423127,0.0007245999986480456,1543940096,1855979520,2162741248,0.0
dense75_ref,22650,85540864,185548800,1.3062297105789185,1.1311854124069214,0.00014044308335424177,31893.94019022705,3.8933032458773256,0.00073319999864907,1543940096,1855979520,2163453952,0.0
dense75_ref,22700,85950464,185958400,1.8567956686019897,1.1183573007583618,0.0001392732527719802,31686.69777561779,3.8680050995627187,0.000736099998903228,1543940096,1855979520,2164117504,0.0
dense75_ref,22750,86360064,186368000,1.9365079402923584,1.2305961847305298,0.00013810542340577815,31892.611597091745,3.8931410640981134,0.0007399000023724511,1543940096,1855979520,2165211136,0.0
dense75_ref,22800,86769664,186777600,1.7607543468475342,1.1593290567398071,0.000136939686098013,32197.979844191297,3.930417461449133,0.0007167000003391877,1543940096,1855979520,2166030336,0.0
dense75_ref,22850,87179264,187187200,1.4469590187072754,1.3851548433303833,0.00013577613152832645,31921.741854762335,3.896697003755168,0.0007070999999996275,1543940096,1855979520,2166743040,0.0
dense75_ref,22900,87588864,187596800,1.6939090490341187,1.2298310995101929,0.00013461485020657083,31596.064068651474,3.856941414630307,0.0008163000020431355,1543940096,1855979520,2167635968,0.0
dense75_ref,22950,87998464,188006400,2.4149162769317627,1.25749933719635,0.00013345593246576835,31888.961639003912,3.8926955125737197,0.0007119000001694076,1543940096,1855979520,2168520704,0.0
dense75_ref,23000,88408064,188416000,0.8733973503112793,0.9558979868888855,0.00013229946845508462,31893.60492740051,3.89326232023932,0.0007564000006823335,1543940096,1855979520,2169303040,0.0
dense75_ref,23050,88817664,188825600,1.9605661630630493,1.3837932348251343,0.00013114554813281593,31822.391278723375,3.884569247891037,0.0009394999979122076,1543940096,1855979520,2170060800,0.0
dense75_ref,23100,89227264,189235200,1.333031177520752,1.3443683385849,0.00012999426125939178,31927.141265863076,3.8973561115555513,0.0007057000002532732,1543940096,1855979520,2170855424,0.0
dense75_ref,23150,89636864,189644800,1.3713349103927612,1.0695053339004517,0.00012884569739039255,32111.650704124586,3.9198792363433332,0.0007159999986470211,1543940096,1855979520,2171592704,0.0
dense75_ref,23200,90046464,190054400,1.7969837188720703,1.1882668733596802,0.00012769994586958323,31985.194353684354,3.9044426701274846,0.0007683000003453344,1543940096,1855979520,2172280832,0.0
dense75_ref,23250,90456064,190464000,1.3178707361221313,1.3608050346374512,0.00012655709582196382,32080.828650166437,3.91611677858477,0.0006911999989824835,1543940096,1855979520,2172932096,0.0
dense75_ref,23300,90865664,190873600,1.2531830072402954,1.0572413206100464,0.00012541723614683617,31732.54177558768,3.873601290965293,0.0007216999983938877,1543940096,1855979520,2173771776,0.0
dense75_ref,23350,91275264,191283200,1.6021838188171387,1.2774543762207031,0.000124280455510889,32112.79619652161,3.9200190669582042,0.0007320000004256144,1543940096,1855979520,2174455808,0.0
dense75_ref,23400,91684864,191692800,1.7045048475265503,1.3143666982650757,0.00012314684234130053,31665.04321459636,3.8653617205317823,0.0007351999993261416,1543940096,1855979520,2175188992,0.0
dense75_ref,23450,92094464,192102400,2.0253772735595703,1.4238994121551514,0.00012201648481886027,32118.008589093417,3.9206553453483175,0.0007049999985611066,1543940096,1855979520,2175774720,0.0
dense75_ref,23500,92504064,192512000,1.0632948875427246,1.0473287105560303,0.00012088947087110947,31187.611452452486,3.807081476129454,0.0007942999982333276,1543940096,1855979520,2176319488,0.0
dense75_ref,23550,92913664,192921600,1.426543116569519,1.0407603979110718,0.00011976588816550141,31007.72846432323,3.785123103555082,0.0008124999985739123,1543940096,1855979520,2177380352,0.0
dense75_ref,23600,93323264,193331200,1.6211663484573364,1.1770563125610352,0.00011864582410258202,31780.67609192359,3.8794770620023913,0.0007117000022844877,1543940096,1855979520,2178064384,0.0
dense75_ref,23650,93732864,193740800,1.5411897897720337,1.2218124866485596,0.0001175293658091914,31904.535647416193,3.8945966366474845,0.0007170000026235357,1543940096,1855979520,2178637824,0.0
dense75_ref,23700,94142464,194150400,1.662634253501892,1.1521867513656616,0.00011641660013168624,32335.42955754325,3.9471959909110415,0.0007025999984762166,1543940096,1855979520,2179379200,0.0
dense75_ref,23750,94552064,194560000,1.702039122581482,1.265516996383667,0.00011530761362918429,31667.625998767722,3.8656770018027005,0.0007207999988168012,1543940096,1855979520,2180091904,0.0
dense75_ref,23800,94961664,194969600,1.2858048677444458,1.211751103401184,0.00011420249256683137,31691.049406248472,3.8685363044736905,0.0007260000020323787,1543940096,1855979520,2180841472,0.0
dense75_ref,23850,95371264,195379200,1.9308544397354126,1.220158576965332,0.00011310132290909073,31968.530976962422,3.902408566523733,0.000716499998816289,1543940096,1855979520,2181451776,0.0
dense75_ref,23900,95780864,195788800,1.5890015363693237,1.210140347480774,0.00011200419031305626,32193.88009768945,3.9299170041124816,0.0007245999986480456,1543940096,1855979520,2182328320,0.0
dense75_ref,23950,96190464,196198400,1.2724740505218506,1.109397053718567,0.0001109111801217895,31973.172509975186,3.9029751599090803,0.000706200000422541,1543940096,1855979520,2182930432,0.0
dense75_ref,24000,96600064,196608000,1.679450511932373,1.1371887922286987,0.00010982237735768077,31615.000916378147,3.8592530415500668,0.0007502000007661991,1543940096,1855979520,2183593984,0.0
dense75_ref,24050,97009664,197017600,0.9999858736991882,0.96659916639328,0.00010873786671583598,31779.39390275897,3.879320544770382,0.0007645000005140901,1543940096,1855979520,2184183808,0.0
dense75_ref,24100,97419264,197427200,1.617687463760376,1.157000184059143,0.00010765773255748791,31702.761839927887,3.869966044913072,0.0007187000010162592,1543940096,1855979520,2185015296,0.0
dense75_ref,24150,97828864,197836800,1.728939414024353,1.1711559295654297,0.00010658205890343426,31625.875772718828,3.8605805386619663,0.0007215000005089678,1543940096,1855979520,2185613312,0.0
dense75_ref,24200,98238464,198246400,1.122050404548645,1.1661198139190674,0.00010551092942750173,31779.307605514226,3.8793100104387483,0.000781399998231791,1543940096,1855979520,2186289152,0.0
dense75_ref,24250,98648064,198656000,1.865492820739746,1.4287254810333252,0.0001044444274500375,27268.57247092486,3.328683162954695,0.0007287000007636379,1543940096,1855979520,2186797056,0.0
dense75_ref,24300,99057664,199065600,1.677334189414978,1.3339614868164062,0.00010338263593142774,31837.714711419838,3.886439784108867,0.0007208999995782506,1543940096,1855979520,2187386880,0.0
dense75_ref,24350,99467264,199475200,1.428236722946167,1.2888140678405762,0.00010232563746564438,31552.37532541025,3.8516083160901182,0.0007081999974616338,1543940096,1855979520,2188226560,0.0
dense75_ref,24400,99876864,199884800,1.3963313102722168,1.232927918434143,0.00010127351427382038,30811.17025290194,3.7611291812624437,0.0007259000012709294,1543940096,1855979520,2188861440,0.0
dense75_ref,24450,100286464,200294400,1.80335533618927,1.5157697200775146,0.000100226348197854,31897.467087372057,3.893733775313972,0.0007145000017771963,1543940096,1855979520,2189340672,0.0
dense75_ref,24500,100696064,200704000,1.4254971742630005,1.3909106254577637,9.918422069404236e-05,31590.617679078106,3.856276572153089,0.0008339000014530029,1543940096,1855979520,2190016512,0.0
dense75_ref,24550,101105664,201113600,1.5635746717453003,1.1812927722930908,9.814721282674541e-05,29949.303345886794,3.6559208185896965,0.0007445000010193326,1543940096,1855979520,2190643200,0.0
dense75_ref,24600,101515264,201523200,1.9986188411712646,1.2729871273040771,9.711540526207998e-05,31720.659938452412,3.8721508713931168,0.0007301000005099922,1543940096,1855979520,2191204352,0.0
dense75_ref,24650,101924864,201932800,1.4512332677841187,1.3075947761535645,9.608887826164507e-05,31682.73944316676,3.8675219046834424,0.000716800001100637,1543940096,1855979520,2191695872,0.0
dense75_ref,24700,102334464,202342400,1.7557841539382935,1.232120156288147,9.506771167627836e-05,31333.657940583835,3.824909416575175,0.0007492000004276633,1543940096,1855979520,2192482304,0.0
dense75_ref,24750,102744064,202752000,1.42808198928833,1.2472692728042603,9.405198493984512e-05,31507.02581288384,3.846072486924297,0.0007067000005918089,1543940096,1855979520,2193006592,0.0
dense75_ref,24800,103153664,203161600,1.7999889850616455,1.1191163063049316,9.304177706305872e-05,31663.21960653777,3.8651391121261924,0.0007045999991532881,1543940096,1855979520,2193563648,0.0
dense75_ref,24850,103563264,203571200,2.288458824157715,1.3712520599365234,9.203716662733545e-05,31725.56150048997,3.8727492066027795,0.0007150999990699347,1543940096,1855979520,2194104320,0.0
dense75_ref,24900,103972864,203980800,1.82480788230896,1.4277862310409546,9.103823177868089e-05,30570.4379536427,3.731742914263025,0.0007015999981376808,1543940096,1855979520,2194612224,0.0
dense75_ref,24950,104382464,204390400,1.9924366474151611,1.6002426147460938,9.004505022161187e-05,31793.02245587099,3.880984186507689,0.0007211000011011492,1543940096,1855979520,2195288064,0.0
dense75_ref,25000,104792064,204800000,1.6573548316955566,1.196869134902954,8.905769921311178e-05,31722.256772280776,3.8723457973975557,0.0007275999996636529,1543940096,1855979520,2195857408,0.0
dense75_ref,25050,105201664,205209600,1.3089672327041626,1.208027958869934,8.80762555566208e-05,31641.572669596455,3.8624966637690985,0.000703499998053303,1543940096,1855979520,2196291584,0.0
dense75_ref,25100,105611264,205619200,1.360040545463562,1.1016217470169067,8.710079559606185e-05,31608.46251778466,3.8584548971905104,0.0007136000022001099,1543940096,1855979520,2196774912,0.0
dense75_ref,25150,106020864,206028800,1.7345774173736572,1.3274612426757812,8.613139520990197e-05,31610.24323137666,3.8586722694551585,0.000711500000761589,1543940096,1855979520,2197487616,0.0
dense75_ref,25200,106430464,206438400,1.4608453512191772,1.2089524269104004,8.516812980524958e-05,31877.880323310124,3.891342812904068,0.0007157000000006519,1543940096,1855979520,2198032384,0.0
dense75_ref,25250,106840064,206848000,1.7858787775039673,1.3019925355911255,8.421107431198918e-05,31755.82745779903,3.876443781469608,0.0007117999994079582,1543940096,1855979520,2198425600,0.0
dense75_ref,25300,107249664,207257600,1.2394901514053345,1.1768722534179688,8.326030317695259e-05,31947.23714103211,3.8998092213173963,0.000707800001691794,1543940096,1855979520,2199097344,0.0
dense75_ref,25350,107659264,207667200,1.6552650928497314,1.0699234008789062,8.231589035812771e-05,31401.001367084362,3.8331300496929153,0.0007216999983938877,1543940096,1855979520,2199638016,0.0
dense75_ref,25400,108068864,208076800,1.544660210609436,1.6869072914123535,8.13779093189061e-05,31569.702488857038,3.8537234483468064,0.0007220000006782357,1543940096,1855979520,2200162304,0.0
dense75_ref,25450,108478464,208486400,1.811824917793274,1.3352259397506714,8.044643302236777e-05,31818.398973445343,3.884081905938152,0.000716199996531941,1543940096,1855979520,2200592384,0.0
dense75_ref,25500,108888064,208896000,1.1714860200881958,1.1606287956237793,7.952153392560598e-05,31830.10680479924,3.88551108457022,0.0007063999983074609,1543940096,1855979520,2201391104,0.0
dense75_ref,25550,109297664,209305600,1.9110960960388184,1.342027187347412,7.860328397409099e-05,31813.92581580038,3.8835358661865698,0.0007375999994110316,1543940096,1855979520,2201833472,0.0
dense75_ref,25600,109707264,209715200,1.3334332704544067,1.1358671188354492,7.769175459607338e-05,30634.93826452659,3.7396164873689686,0.000727099999494385,1543940096,1855979520,2202365952,0.0
dense75_ref,25650,110116864,210124800,1.837548017501831,1.2797147035598755,7.678701669702803e-05,31882.6320608023,3.891922858984656,0.000714099998731399,1543940096,1855979520,2202894336,0.0
dense75_ref,25700,110526464,210534400,1.2825422286987305,1.1767654418945312,7.588914065413869e-05,31616.196662656093,3.8593990066718864,0.0007655000008526258,1543940096,1855979520,2203287552,0.0
dense75_ref,25750,110936064,210944000,1.6334103345870972,1.3658427000045776,7.499819631082311e-05,31681.24460290278,3.867339429065281,0.0007217000020318665,1543940096,1855979520,2203906048,0.0
dense75_ref,25800,111345664,211353600,1.3574533462524414,1.2689412832260132,7.41142529713004e-05,31806.97144201256,3.882686943605049,0.0007171999968704768,1543940096,1855979520,2204385280,0.0
dense75_ref,25850,111755264,211763200,1.5579674243927002,1.1871837377548218,7.323737939520016e-05,31608.791812593347,3.8584950943107112,0.0007122999995772261,1543940096,1855979520,2204880896,0.0
dense75_ref,25900,112164864,212172800,1.598832130432129,1.3056316375732422,7.236764379221333e-05,30790.33667565988,3.758586019978013,0.0007291000001714565,1543940096,1855979520,2205200384,0.0
dense75_ref,25950,112574464,212582400,1.8084944486618042,1.227504014968872,7.150511381678705e-05,31598.379657432222,3.8572240792763943,0.0007471999997505918,1543940096,1855979520,2205696000,0.0
dense75_ref,26000,112984064,212992000,1.4159650802612305,1.1160759925842285,7.064985656286145e-05,31463.75196812323,3.8407900351712927,0.0007141999994928483,1543940096,1855979520,2206298112,0.0
dense75_ref,26050,113393664,213401600,1.3712407350540161,1.5801429748535156,6.980193855865072e-05,31714.139155823053,3.8713548774198063,0.0007377000001724809,1543940096,1855979520,2206752768,0.0
dense75_ref,26100,113803264,213811200,1.7578754425048828,1.2627499103546143,6.896142576146817e-05,31617.294876391916,3.85953306596581,0.0007485999994969461,1543940096,1855979520,2207555584,0.0
dense75_ref,26150,114212864,214220800,1.2867140769958496,1.153175711631775,6.812838355259551e-05,31859.82919689491,3.8891393062615855,0.0007384000018646475,1543940096,1855979520,2208002048,0.0
dense75_ref,26200,114622464,214630400,1.3049156665802002,1.4912792444229126,6.730287673219704e-05,31674.384849353213,3.866502056805812,0.0007030999986454844,1543940096,1855979520,2208473088,0.0
dense75_ref,26250,115032064,215040000,1.3003484010696411,1.3276227712631226,6.648496951427902e-05,31727.46602428324,3.8729816924173877,0.000724199999240227,1543940096,1855979520,2208796672,0.0
dense75_ref,26300,115441664,215449600,1.316153645515442,1.3750617504119873,6.56747255216944e-05,31814.69184747056,3.8836293759119336,0.0007135999985621311,1543940096,1855979520,2209443840,0.0
dense75_ref,26350,115851264,215859200,1.6866121292114258,1.3755193948745728,6.487220778119421e-05,31963.66630100826,3.9018147340097973,0.000710700001945952,1543940096,1855979520,2209841152,0.0
dense75_ref,26400,116260864,216268800,1.3059278726577759,1.1555207967758179,6.407747871852458e-05,31742.91955043442,3.8748681091838892,0.0007492999975511339,1543940096,1855979520,2210271232,0.0
dense75_ref,26450,116670464,216678400,2.137094020843506,1.4213767051696777,6.32906001535707e-05,31564.204373934837,3.8530522917400924,0.000778800000261981,1543940096,1855979520,2210557952,0.0
dense75_ref,26500,117080064,217088000,1.3839012384414673,1.153427243232727,6.251163329554842e-05,30058.76723852789,3.6692831101718615,0.0010307000011380296,1543940096,1855979520,2210938880,0.0
dense75_ref,26550,117489664,217497600,1.8250646591186523,1.5726124048233032,6.174063873824256e-05,31762.094468294996,3.8772087973992915,0.0007249000009323936,1543940096,1855979520,2211495936,0.0
dense75_ref,26600,117899264,217907200,1.359944462776184,1.1803573369979858,6.097767645529357e-05,31678.4513443954,3.8669984551263914,0.0007089999999152496,1543940096,1855979520,2211946496,0.0
dense75_ref,26650,118308864,218316800,1.6320127248764038,1.238655686378479,6.022280579553249e-05,31669.73170796846,3.865934046382869,0.0007079000024532434,1543940096,1855979520,2212315136,0.0
dense75_ref,26700,118718464,218726400,1.7352992296218872,1.4191839694976807,5.947608547836422e-05,31817.632763247133,3.883988374419816,0.0007428999997500796,1543940096,1855979520,2212626432,0.0
dense75_ref,26750,119128064,219136000,1.981628179550171,1.3903486728668213,5.87375735891999e-05,31635.15765837443,3.861713581344535,0.0007489999989047647,1543940096,1855979520,2213007360,0.0
dense75_ref,26800,119537664,219545600,1.3948153257369995,1.1700512170791626,5.80073275749387e-05,31880.175371973644,3.8916229702116265,0.0007101000010152347,1543940096,1855979520,2213515264,0.0
dense75_ref,26850,119947264,219955200,1.2603408098220825,1.0748772621154785,5.728540423949897e-05,31700.74987424231,3.8697204436330943,0.0007033000001683831,1543940096,1855979520,2213814272,0.0
dense75_ref,26900,120356864,220364800,1.1002074480056763,1.0999325513839722,5.6571859739399895e-05,31709.928474220666,3.870840878200765,0.0007192999983089976,1543940096,1855979520,2214305792,0.0
dense75_ref,26950,120766464,220774400,0.7834300994873047,1.009217381477356,5.5866749579392985e-05,31754.399565595017,3.876269478222048,0.000722100001439685,1543940096,1855979520,2214535168,0.0
dense75_ref,27000,121176064,221184000,1.5454463958740234,1.285618782043457,5.517012860814465e-05,31871.443544233145,3.8905570732706476,0.0007038999974611215,1543940096,1855979520,2215034880,0.0
dense75_ref,27050,121585664,221593600,1.7223191261291504,1.474376916885376,5.4482051013969536e-05,31775.99167136079,3.878905233320409,0.0007039000010991003,1543940096,1855979520,2215403520,0.0
dense75_ref,27100,121995264,222003200,1.6030151844024658,1.3371567726135254,5.380257032061559e-05,31682.310580916004,3.867469553334473,0.0007083999989845324,1543940096,1855979520,2215993344,0.0
dense75_ref,27150,122404864,222412800,1.860241413116455,1.4140514135360718,5.313173938310024e-05,31712.101193896404,3.871106102770557,0.0007006999985605944,1543940096,1855979520,2216292352,0.0
dense75_ref,27200,122814464,222822400,1.7426798343658447,1.140237808227539,5.246961038359927e-05,31136.532860161955,3.8008462964064886,0.0007264000014401972,1543940096,1855979520,2216579072,0.0
dense75_ref,27250,123224064,223232000,1.3974666595458984,1.2588856220245361,5.1816234827387556e-05,31953.1437103246,3.9005302380767333,0.000714099998731399,1543940096,1855979520,2216849408,0.0
dense75_ref,27300,123633664,223641600,1.2104902267456055,1.3158459663391113,5.117166353883259e-05,31460.876104262024,3.840438977571048,0.0007372000000032131,1543940096,1855979520,2217189376,0.0
dense75_ref,27350,124043264,224051200,1.3374018669128418,1.3374590873718262,5.0535946657441045e-05,32153.091418885077,3.9249379173443697,0.0007169999989855569,1543940096,1855979520,2217615360,0.0
dense75_ref,27400,124452864,224460800,1.742606282234192,1.3601361513137817,4.990913363395854e-05,32126.926458939288,3.9217439525072373,0.0007297000011021737,1543940096,1855979520,2218033152,0.0
dense75_ref,27450,124862464,224870400,1.6593232154846191,1.3125306367874146,4.9291273226522936e-05,32119.066382790024,3.920784470555423,0.0007077000009303447,1543940096,1855979520,2218319872,0.0
dense75_ref,27500,125272064,225280000,1.5296759605407715,1.2700015306472778,4.868241349687165e-05,32100.187695196488,3.91847994326129,0.0007084999997459818,1543940096,1855979520,2218487808,0.0
dense75_ref,27550,125681664,225689600,1.532914400100708,1.370519995689392,4.808260180660304e-05,31856.434498080424,3.888724914316458,0.0007086000005074311,1543940096,1855979520,2218876928,0.0
dense75_ref,27600,126091264,226099200,1.4055038690567017,1.1909763813018799,4.749188481349223e-05,32097.49614418416,3.9181513847881053,0.0007003999999142252,1543940096,1855979520,2219393024,0.0
dense75_ref,27650,126500864,226508800,1.1117935180664062,1.2044049501419067,4.691030846786183e-05,31748.55393320164,3.8755559000490285,0.0007070999999996275,1543940096,1855979520,2219606016,0.0
dense75_ref,27700,126910464,226918400,1.3321458101272583,1.3505252599716187,4.633791800900735e-05,31871.989143867067,3.8906236747884604,0.0007081999974616338,1543940096,1855979520,2220089344,0.0
dense75_ref,27750,127320064,227328000,1.678075909614563,1.4893169403076172,4.577475796167845e-05,31728.817760727197,3.873146699307519,0.0007166000032157172,1543940096,1855979520,2220261376,0.0
dense75_ref,27800,127729664,227737600,1.467291235923767,1.208129644393921,4.5220872132615255e-05,31915.797150804567,3.895971331885323,0.0007203999994089827,1543940096,1855979520,2220752896,0.0
dense75_ref,27850,128139264,228147200,1.965592622756958,1.7326757907867432,4.4676303607140876e-05,32130.37905372223,3.922165411831327,0.0007279999990714714,1543940096,1855979520,2220990464,0.0
dense75_ref,27900,128548864,228556800,1.7152293920516968,1.395186185836792,4.414109474580982e-05,31960.49882072582,3.9014280787018825,0.0006910999982210342,1543940096,1855979520,2221309952,0.0
dense75_ref,27950,128958464,228966400,1.1337672472000122,1.1077263355255127,4.361528718111295e-05,31585.441085747694,3.8556446637875603,0.0008950000010372605,1543940096,1855979520,2221547520,0.0
dense75_ref,28000,129368064,229376000,1.3559030294418335,1.217012882232666,4.309892181423892e-05,32034.374385156534,3.9104460919380535,0.0007169000018620864,1543940096,1855979520,2221899776,0.0
dense75_ref,28050,129777664,229785600,1.828478455543518,1.219775676727295,4.259203881189267e-05,31922.46332939537,3.8967850743890833,0.0007656999987375457,1543940096,1855979520,2855383040,0.0
dense75_ref,28100,130187264,230195200,1.7276687622070312,1.3343902826309204,4.209467760317094e-05,31855.00993128501,3.888551017002565,0.0007029000007605646,1543940096,1855979520,2222395392,0.0
dense75_ref,28150,130596864,230604800,1.7919371128082275,1.398354172706604,4.160687687649511e-05,31763.055053565546,3.8773260563434504,0.0007491999967896845,1543940096,1855979520,2222895104,0.0
dense75_ref,28200,131006464,231014400,1.4506906270980835,1.1488806009292603,4.112867457660184e-05,31718.60885718289,3.8719004952615834,0.00071840000236989,1543940096,1855979520,2223251456,0.0
dense75_ref,28250,131416064,231424000,1.7817633152008057,1.2835991382598877,4.066010790159135e-05,31238.32185573583,3.8132717109052527,0.0006829000012658071,1543940096,1855979520,2223566848,0.0
dense75_ref,28300,131825664,231833600,1.3301581144332886,1.415237307548523,4.020121330003394e-05,31626.91360817115,3.860707227559955,0.000705099999322556,1543940096,1855979520,2223755264,0.0
dense75_ref,28350,132235264,232243200,1.5964852571487427,1.3289523124694824,3.975202646813474e-05,31714.826720053497,3.8714388086002804,0.0008806000005279202,1543940096,1855979520,2224029696,0.0
dense75_ref,28400,132644864,232652800,1.869096040725708,1.4139044284820557,3.9312582346956965e-05,32066.764004864282,3.9143999029375345,0.0006993000024522189,1543940096,1855979520,2224431104,0.0
dense75_ref,28450,133054464,233062400,0.9969204664230347,1.0104440450668335,3.888291511970403e-05,29951.055325068774,3.6561346832359343,0.0007153000005928334,1543940096,1855979520,2224562176,0.0
dense75_ref,28500,133464064,233472000,1.6986398696899414,1.5917882919311523,3.846305820906039e-05,31777.569427175644,3.879097830465777,0.0006820999988121912,1543940096,1855979520,2224930816,0.0
dense75_ref,28550,133873664,233881600,1.2443960905075073,1.1602455377578735,3.805304427459179e-05,31973.072678036224,3.9029629733930937,0.0007315000002563465,1543940096,1855979520,2225065984,0.0
dense75_ref,28600,134283264,234291200,1.429776906967163,1.1660271883010864,3.765290521020467e-05,31823.998371648147,3.8847654262265805,0.0006855999999970663,1543940096,1855979520,2225434624,0.0
dense75_ref,28650,134692864,234700800,2.0040509700775146,1.5006769895553589,3.72626721416654e-05,31999.90000030775,3.906237793006317,0.0006965000029595103,1543940096,1855979520,2225713152,0.0
dense75_ref,28700,135102464,235110400,1.2423487901687622,1.6036847829818726,3.688237542417883e-05,32040.338285387556,3.911174107102973,0.0006908999966981355,1543940096,1855979520,2225917952,0.0
dense75_ref,28750,135512064,235520000,1.1758307218551636,1.2692102193832397,3.651204464002724e-05,32222.207362688303,3.933374922203162,0.0006953000010980759,1543940096,1855979520,2226081792,0.0
dense75_ref,28800,135921664,235929600,1.5227288007736206,1.336525797843933,3.615170859626917e-05,32090.517823936087,3.917299539054698,0.0007069999992381781,1543940096,1855979520,2226622464,0.0
dense75_ref,28850,136331264,236339200,1.4869991540908813,1.3241688013076782,3.5801395322498496e-05,31999.12502393086,3.90614319139781,0.0006821999995736405,1543940096,1855979520,2226847744,0.0
dense75_ref,28900,136740864,236748800,1.191672682762146,1.0770512819290161,3.546113206866419e-05,31771.85080726914,3.878399756746721,0.0007447000025422312,1543940096,1855979520,2227073024,0.0
dense75_ref,28950,137150464,237158400,1.452592372894287,1.1633893251419067,3.5130945302950626e-05,32033.347215183017,3.9103207049783957,0.0006915000012668315,1543940096,1855979520,2227326976,0.0
dense75_ref,29000,137560064,237568000,1.8011643886566162,1.6409507989883423,3.4810860709718566e-05,31939.265490359026,3.898836119428592,0.000732700002117781,1543940096,1855979520,2227580928,0.0
dense75_ref,29050,137969664,237977600,1.5029332637786865,1.4220994710922241,3.4500903187507435e-05,32115.792486444516,3.920384825005434,0.0006992999988142401,1543940096,1855979520,2861256704,0.0
dense75_ref,29100,138379264,238387200,0.8775225281715393,1.1368610858917236,3.420109684709826e-05,32237.487018607433,3.9352401145761027,0.0007105000004230533,1543940096,1855979520,2861432832,0.0
dense75_ref,29150,138788864,238796800,1.298166275024414,1.3975533246994019,3.3911465009638435e-05,32252.920854181157,3.9371241277076607,0.0006990999972913414,1543940096,1855979520,2861666304,0.0
dense75_ref,29200,139198464,239206400,1.3663829565048218,1.228374719619751,3.36320302048275e-05,32038.55890603398,3.910956897709226,0.0007057999973767437,1543940096,1855979520,2228674560,0.0
dense75_ref,29250,139608064,239616000,1.4335652589797974,1.2632222175598145,3.3362814169164585e-05,32241.15375493143,3.935687714225028,0.0006890000004204921,1543940096,1855979520,2228797440,0.0
dense75_ref,29300,140017664,240025600,1.5829461812973022,1.481335997581482,3.3103837844257594e-05,32313.68254889085,3.9445413267689027,0.0007173999983933754,1543940096,1855979520,2229084160,0.0
dense75_ref,29350,140427264,240435200,2.206728458404541,1.6807210445404053,3.2855121375194315e-05,32147.022397845394,3.9241970700494866,0.0007179000022006221,1543940096,1855979520,2229145600,0.0
dense75_ref,29400,140836864,240844800,1.9082894325256348,1.248711109161377,3.2616684108975226e-05,31911.35872205715,3.895429531501117,0.0007213999997475185,1543940096,1855979520,2229448704,0.0
dense75_ref,29450,141246464,241254400,1.1590678691864014,1.1518652439117432,3.238854459300874e-05,32149.520386911867,3.9245020003554525,0.0007439000000886153,1543940096,1855979520,2229665792,0.0
dense75_ref,29500,141656064,241664000,1.6617472171783447,1.3820359706878662,3.217072057366823e-05,32267.034922611347,3.9388470364515804,0.0006958999983908143,1543940096,1855979520,2229891072,0.0
dense75_ref,29550,142065664,242073600,1.2904890775680542,1.2074259519577026,3.196322899491177e-05,32165.867820608302,3.9264975366953494,0.0007183000016084407,1543940096,1855979520,2230026240,0.0
dense75_ref,29600,142475264,242483200,1.9534428119659424,1.474475383758545,3.176608599696396e-05,31871.443544684247,3.8905570733257138,0.0007136000022001099,1543940096,1855979520,2230308864,0.0
dense75_ref,29650,142884864,242892800,1.077699065208435,1.1936267614364624,3.157930691506059e-05,31040.27354228529,3.7890958913922472,0.0007272000002558343,1543940096,1855979520,2230525952,0.0
dense75_ref,29700,143294464,243302400,1.4499149322509766,1.3117069005966187,3.1402906278255555e-05,32229.598117421094,3.9342771139430046,0.0007273000010172836,1543940096,1855979520,2230763520,0.0
dense75_ref,29750,143704064,243712000,1.3885098695755005,1.2719300985336304,3.1236897808290864e-05,31626.815926370095,3.8606953035119744,0.0007708999983151443,1543940096,1855979520,2230956032,0.0
dense75_ref,29800,144113664,244121600,1.2683805227279663,1.173287272453308,3.108129441852914e-05,32059.924507418404,3.913565003346973,0.0008961999992607161,1543940096,1855979520,2231185408,0.0
dense75_ref,29850,144523264,244531200,1.4356868267059326,1.426819920539856,3.093610821294914e-05,31748.664672501825,3.875569418030008,0.0007203999994089827,1543940096,1855979520,2231410688,0.0
dense75_ref,29900,144932864,244940800,1.4969675540924072,1.4246376752853394,3.0801350485204266e-05,29876.209937276548,3.6469982833589536,0.0007107999990694225,1543940096,1855979520,2231595008,0.0
dense75_ref,29950,145342464,245350400,1.5385924577713013,1.4835762977600098,3.0677031717744036e-05,32120.46428823175,3.9209551133095397,0.0007122000024537556,1543940096,1855979520,2231762944,0.0
dense75_ref,30000,145752064,245760000,1.4190340042114258,1.4744497537612915,3.056316158099867e-05,32190.79332329318,3.929540200597312,0.0006947000001673587,1543940096,1855979520,2231881728,0.0
dense75_ref,30050,146161664,246169600,1.2527583837509155,1.0211495161056519,3.0459748932626874e-05,30460.21246313221,3.7182876541909438,0.0007138000000850298,1543940096,1855979520,2882850816,0.0
dense75_ref,30100,146571264,246579200,1.7213548421859741,1.6184965372085571,3.0366801816826805e-05,31078.56898987714,3.793770628647112,0.0006942999971215613,1543940096,1855979520,2882924544,0.0
dense75_ref,30150,146980864,246988800,1.2254302501678467,1.3609963655471802,3.0284327463710326e-05,32038.80951092492,3.910987489126577,0.0007332999994105194,1543940096,1855979520,2883076096,0.0
dense75_ref,30200,147390464,247398400,1.1089333295822144,1.2335880994796753,3.0212332288740646e-05,31837.81369986993,3.8864518676599036,0.0007221999985631555,1543940096,1855979520,2233237504,0.0
dense75_ref,30250,147800064,247808000,1.727560043334961,1.3242123126983643,3.0150821892233238e-05,30790.707009999558,3.7586312268065867,0.0006831999999121763,1543940096,1855979520,2233270272,0.0
dense75_ref,30300,148209664,248217600,1.5879532098770142,1.3894606828689575,3.009980105892018e-05,30897.88685917582,3.7717147044892356,0.0008911000004445668,1543940096,1855979520,2233610240,0.0
dense75_ref,30350,148619264,248627200,1.362134337425232,1.186292052268982,3.0059273757578043e-05,31818.44840755605,3.8840879403754944,0.0007683000003453344,1543940096,1855979520,2233659392,0.0
dense75_ref,30400,149028864,249036800,1.6577866077423096,1.2315460443496704,3.0029243140719076e-05,32091.976105109057,3.9174775518931955,0.0006935999990673736,1543940096,1855979520,2233962496,0.0
dense75_ref,30450,149438464,249446400,1.1889920234680176,1.1987433433532715,3.000971154434607e-05,32938.23798895256,4.020781004510811,0.0007105000004230533,1543940096,1855979520,2234130432,0.0
dense75_ref,30500,149848064,249856000,1.6804394721984863,1.4445570707321167,3.000068048777054e-05,32912.49903592935,4.017639042471845,0.000751499999751104,1543940096,1855979520,2234286080,0.0
sparse75,12250,344064,100352000,2.869615316390991,1.3563270568847656,2.5799999999999997e-05,26282.271337502712,3.208285075378749,0.0007182999999599815,1850320384,2105540608,2121809920,4.0919599533081055
sparse75,12300,753664,100761600,2.5111396312713623,1.2194091081619263,5.5799999999999994e-05,26405.780648289,3.223361895543091,0.0007510999999453816,1850320384,2109734912,2124083200,4.091492652893066
sparse75,12350,1163264,101171200,2.4191181659698486,1.1022098064422607,8.579999999999998e-05,26635.314681673113,3.251381186727675,0.0007305999999971391,1850320384,2109734912,2126733312,4.088852405548096
sparse75,12400,1572864,101580800,2.3574066162109375,1.1517804861068726,0.0001158,25797.463459371073,3.149104426192758,0.0007209999999986394,1850320384,2109734912,2129154048,4.075861930847168
sparse75,12450,1982464,101990400,2.184131145477295,1.135972499847412,0.0001458,26337.25380760135,3.214996802685712,0.00070770000002085,1850320384,2109734912,2131599360,4.116569519042969
sparse75,12500,2392064,102400000,2.4523401260375977,1.1255215406417847,0.00017579999999999996,26734.625876778755,3.263504135348969,0.0007291000000009262,1850320384,2109734912,2134032384,4.0578083992004395
sparse75,12550,2801664,102809600,1.7061047554016113,14.34417724609375,0.0002058,26483.121051332193,3.2328028627114493,0.0006923999999912667,1850320384,2109734912,2136678400,4.200825214385986
sparse75,12600,3211264,103219200,2.154662609100342,1.1440716981887817,0.00023579999999999999,26371.116159422516,3.2191303905545063,0.0007448000000067623,1850320384,2109734912,2138779648,4.061602592468262
sparse75,12650,3620864,103628800,2.146174430847168,1.1958943605422974,0.00026579999999999996,26612.17754013042,3.2485568286292015,0.0007124999999632564,1850320384,2109734912,2141310976,4.059852600097656
sparse75,12700,4030464,104038400,1.994208574295044,1.1468985080718994,0.0002958,26475.109938607544,3.2318249436776787,0.0007143999999925654,1850320384,2109734912,2143772672,4.11738920211792
sparse75,12750,4440064,104448000,2.527904510498047,1.2735180854797363,0.00029999629513597145,26635.635111306965,3.2514203016732135,0.0007102000000145381,1850320384,2109734912,2146238464,4.112392425537109
sparse75,12800,4849664,104857600,2.053467273712158,1.8178735971450806,0.0002999822236823295,26451.558323553807,3.2289499906681893,0.0007257000000322478,1850320384,2109734912,2148425728,4.121114730834961
sparse75,12850,5259264,105267200,2.2175745964050293,1.5307127237319946,0.00029995765231622757,26463.30751933619,3.2303842186689686,0.0007770999999934247,1850320384,2109734912,2150944768,4.095129013061523
sparse75,12900,5668864,105676800,2.481781482696533,1.4551204442977905,0.0002999225829490077,26400.895928841102,3.222765616313611,0.0007191000000261738,1850320384,2109734912,2153140224,4.113402366638184
sparse75,12950,6078464,106086400,2.187683582305908,1.1283133029937744,0.00029987701830862376,26534.80458114073,3.2391118873462803,0.0007273999999597436,1850320384,2109734912,2155417600,4.058022499084473
sparse75,13000,6488064,106496000,1.7294130325317383,1.1186528205871582,0.0002998209619394294,26539.885151501763,3.23973207415793,0.0007137000000057014,1850320384,2109734912,2157838336,4.041173934936523
sparse75,13050,6897664,106905600,2.028064489364624,1.4382554292678833,0.00029975441820190226,26615.91275490654,3.2490127874641774,0.000709600000050159,1850320384,2109734912,2160893952,4.101326942443848
sparse75,13100,7307264,107315200,2.0014150142669678,1.067535638809204,0.0002996773922723048,26567.169503529363,3.2430626835362992,0.0007087000000183252,1850320384,2109734912,2163195904,4.097428798675537
sparse75,13150,7716864,107724800,2.136033535003662,1.1092394590377808,0.0002995898901422817,25870.500334597375,3.158020060375656,0.0007550000000264845,1850320384,2109734912,2165395456,4.048980712890625
sparse75,13200,8126464,108134400,2.1875345706939697,1.0896729230880737,0.0002994919186183937,26680.00667000252,3.256836751709292,0.00070180000000164,1850320384,2109734912,2167971840,4.08132791519165
sparse75,13250,8536064,108544000,1.4374606609344482,1.2556746006011963,0.0002993834853215881,26374.962330676914,3.219599893881459,0.0007069000000683445,1850320384,2109734912,2169909248,4.11660623550415
sparse75,13300,8945664,108953600,1.8234339952468872,1.24234938621521,0.0002992645986866063,26755.005214154713,3.2659918474309952,0.0007087999999839667,1850320384,2109734912,2172317696,4.062967777252197
sparse75,13350,9355264,109363200,1.9075431823730469,1.1096370220184326,0.00029913526796132697,26384.272500067484,3.220736389168394,0.0009209999999484353,1850320384,2109734912,2174484480,4.078453063964844
sparse75,13400,9764864,109772800,2.6090786457061768,1.1980081796646118,0.0002989955032060475,26413.400673753044,3.2242920744327446,0.0007368000000269603,1850320384,2109734912,2176802816,4.064400672912598
sparse75,13450,10174464,110182400,1.985837697982788,1.1801204681396484,0.0002988453152927009,26482.984068503854,3.232786141174787,0.0007266000000072381,1850320384,2109734912,2178887680,4.112865447998047
sparse75,13500,10584064,110592000,1.895998239517212,1.1414262056350708,0.00029868471590401035,26471.704972331478,3.2314092983803073,0.0007182999999031381,1850320384,2109734912,2181099520,4.079068183898926
sparse75,13550,10993664,111001600,1.9288074970245361,1.0383087396621704,0.0002985137175325801,26614.996146810834,3.2489008968274944,0.0007189000000380474,1850320384,2109734912,2183344128,4.064251899719238
sparse75,13600,11403264,111411200,1.994956612586975,1.0983657836914062,0.0002983323334799242,26246.887347283067,3.20396574063514,0.0007170999999743799,1850320384,2109734912,2185392128,4.032037734985352
sparse75,13650,11812864,111820800,1.451784610748291,1.0254318714141846,0.0002981405778554314,26553.873212386352,3.241439601121381,0.0007147000000031767,1850320384,2109734912,2187595776,4.044739723205566
sparse75,13700,12222464,112230400,2.3408870697021484,1.1548364162445068,0.00029793846557526777,26589.158231778936,3.245746854465202,0.0007127999999738677,1850320384,2109734912,2189701120,4.065350532531738
sparse75,13750,12632064,112640000,2.006319522857666,1.0061384439468384,0.0002977260123612166,26464.41889247315,3.2305198843351013,0.000695399999926849,1850320384,2109734912,2191839232,4.05009651184082
sparse75,13800,13041664,113049600,2.0053305625915527,1.1171170473098755,0.000297503234739455,26511.489876480136,3.2362658540625167,0.0007200000000011642,1850320384,2109734912,2193981440,4.130977630615234
sparse75,13850,13451264,113459200,1.8087775707244873,1.3310729265213013,0.0002972701500392687,26587.561746622283,3.245551971023228,0.0007034999999859792,1850320384,2109734912,2196148224,4.0643463134765625
sparse75,13900,13860864,113868800,1.9672101736068726,1.1272739171981812,0.00029702677639170406,26714.46050616887,3.2610425422569422,0.0006769000000304004,1850320384,2109734912,2198253568,4.050814628601074
sparse75,13950,14270464,114278400,1.8079756498336792,1.0775302648544312,0.00029677313272815763,26503.20435776295,3.235254438203485,0.0007163999999875159,1850320384,2109734912,2200395776,4.061927795410156
sparse75,14000,14680064,114688000,1.8572108745574951,1.0959290266036987,0.00029650923877890326,26380.10929454853,3.2202281853696935,0.0006865000000289001,1850320384,2109734912,2202460160,4.041632175445557
sparse75,14050,15089664,115097600,1.9997867345809937,1.1429681777954102,0.0002962351150715579,26417.259190016342,3.224763084718792,0.0007342999999764288,1850320384,2109734912,2205081600,4.037226676940918
sparse75,14100,15499264,115507200,1.5413564443588257,0.9712481498718262,0.0002959507829294844,26545.543981120554,3.24042284925788,0.0007061999999677937,1850320384,2109734912,2207039488,4.040404796600342
sparse75,14150,15908864,115916800,1.698231816291809,1.008667230606079,0.00029565626447013285,26605.29780590571,3.2477170173224743,0.0007061999999677937,1850320384,2109734912,2209132544,4.0587897300720215
sparse75,14200,16318464,116326400,1.7034987211227417,0.9788358807563782,0.0002953515826033202,26335.22178390967,3.214748752918661,0.0007064000000127635,1850320384,2109734912,2211278848,4.029641151428223
sparse75,14250,16728064,116736000,1.640406847000122,1.0262386798858643,0.0002950367610294482,26140.595687754212,3.190990684540309,0.0007482999999410822,1850320384,2109734912,2213244928,4.079926013946533
sparse75,14300,17137664,117145600,1.864060878753662,1.181701421737671,0.00029471182423765986,26673.091825501426,3.2559926544801545,0.0006812000000309126,1850320384,2109734912,2215395328,4.073921203613281
sparse75,14350,17547264,117555200,2.6538381576538086,1.1394109725952148,0.0002943767975039342,26428.295826576876,3.226110330392685,0.0007421999999905893,1850320384,2109734912,2217283584,4.114896297454834
sparse75,14400,17956864,117964800,1.5543025732040405,0.9909142255783081,0.0002940317068891205,26627.193931908307,3.2503898842661507,0.0006879999999682695,1850320384,2109734912,2219401216,4.06453275680542
sparse75,14450,18366464,118374400,1.7232741117477417,1.2058361768722534,0.00029367657923691075,26486.040834800006,3.2331592815917976,0.0007057000000258995,1850320384,2109734912,2221260800,4.052678108215332
sparse75,14500,18776064,118784000,2.0671939849853516,1.1299002170562744,0.00029331144217175183,26244.457252004933,3.2036690981451335,0.0006932000000006155,1850320384,2109734912,2223394816,4.071846961975098
sparse75,14550,19185664,119193600,1.6897705793380737,1.0269949436187744,0.00029293632409669646,26643.258413262483,3.2523508805252055,0.0007151999999450709,1850320384,2109734912,2225393664,4.150984764099121
sparse75,14600,19595264,119603200,2.736682891845703,1.2832139730453491,0.0002925512541911939,26435.92032306598,3.227041055061765,0.0006974000000354863,1850320384,2109734912,2227277824,4.108145236968994
sparse75,14650,20004864,120012800,1.4214004278182983,0.9291096925735474,0.00029215626240882027,22951.986305012015,2.801756140748537,0.0010297999999693275,1850320384,2109734912,2229297152,4.068048000335693
sparse75,14700,20414464,120422400,1.9460021257400513,1.4043564796447754,0.0002917513794749482,26362.222471791607,3.218044735326124,0.0006917000000612461,1850320384,2109734912,2231279616,4.046869277954102
sparse75,14750,20824064,120832000,2.4320573806762695,1.2252817153930664,0.0002913366368843572,26049.64951264168,3.1798888565236427,0.0010368999999172956,1850320384,2109734912,2233229312,4.060319900512695
sparse75,14800,21233664,121241600,1.8026964664459229,1.1418976783752441,0.00029091206689878344,26773.63920820514,3.268266504907854,0.0007044999999834545,1850320384,2109734912,2235162624,4.063591003417969
sparse75,14850,21643264,121651200,1.5667582750320435,1.391652226448059,0.00029047770254441043,26445.376029886516,3.2281953161482564,0.000715500000069369,1850320384,2109734912,2237145088,4.094694137573242
sparse75,14900,22052864,122060800,1.6190760135650635,1.0478878021240234,0.0002900335776092998,26139.202741543286,3.1908206471610456,0.0007189000000380474,1850320384,2109734912,2238939136,4.05912971496582
sparse75,14950,22462464,122470400,1.2993533611297607,1.09320867061615,0.0002895797266407631,26443.608971576115,3.2279796107881,0.0007166999998844403,1850320384,2109734912,2240974848,4.047111511230469
sparse75,15000,22872064,122880000,1.6023590564727783,1.0421401262283325,0.0002891161849426746,26447.37385840901,3.2284391917003186,0.0007060000000365108,1850320384,2109734912,2242789376,4.091130256652832
sparse75,15050,23281664,123289600,2.4267191886901855,1.2249457836151123,0.0002886429885727247,26451.028787441635,3.2288853500294965,0.0006857000000763946,1850320384,2109734912,3143098368,4.0416259765625
sparse75,15100,23691264,123699200,2.0254147052764893,1.1553372144699097,0.00028816017433961564,26741.686149488592,3.264365985044994,0.0006943000000774191,1850320384,2109734912,3145015296,4.026458740234375
sparse75,15150,24100864,124108800,1.6573939323425293,1.0423691272735596,0.0002876677798001977,26404.350787222655,3.2231873519558905,0.0007305000001451845,1850320384,2109734912,2249195520,4.057842254638672
sparse75,15200,24510464,124518400,2.326585054397583,1.5682978630065918,0.0002871658432565482,26539.257496881313,3.2396554561622697,0.0007341000000451459,1850320384,2109734912,2251231232,4.122592926025391
sparse75,15250,24920064,124928000,1.7546652555465698,0.9457002878189087,0.00028665440375299193,26192.498880124036,3.197326523452641,0.0007029999999303982,1850320384,2109734912,2253033472,4.027142524719238
sparse75,15300,25329664,125337600,1.9692652225494385,1.329974889755249,0.0002861335010730637,26374.72456572187,3.2195708698390955,0.0007111999998414831,1850320384,2109734912,2254864384,4.052279472351074
sparse75,15350,25739264,125747200,1.5489546060562134,1.102553129196167,0.00028560317573641413,26523.06052548299,3.2376782868021228,0.0007072000000789558,1850320384,2109734912,2256781312,4.043569564819336
sparse75,15400,26148864,126156800,1.8494154214859009,0.9643812775611877,0.00028506346899565753,26290.309588293447,3.2092663071647274,0.0007127999999738677,1850320384,2109734912,2258677760,4.044647216796875
sparse75,15450,26558464,126566400,2.0867488384246826,1.1268808841705322,0.00028451442283316305,26569.134073903555,3.243302499255805,0.0007031999998616811,1850320384,2109734912,2260439040,4.057223320007324
sparse75,15500,26968064,126976000,1.6330012083053589,1.0416814088821411,0.0002839560799577887,25982.42063419632,3.171682206322793,0.0007842999998501909,1850320384,2109734912,2262224896,4.0579376220703125
sparse75,15550,27377664,127385600,1.2846204042434692,0.9549909234046936,0.0002833884838015596,26388.13101037141,3.2212073987269787,0.0007047999999940657,1850320384,2109734912,2264231936,4.024974822998047
sparse75,15600,27787264,127795200,1.6159017086029053,1.054721474647522,0.00028281167851628905,26676.913658257683,3.2564591867990336,0.0007643999999800144,1850320384,2109734912,2265960448,4.0727033615112305
sparse75,15650,28196864,128204800,1.1305547952651978,0.9692379236221313,0.0002822257089701445,26571.09893485837,3.2435423504465786,0.0007089999999152496,1850320384,2109734912,2267865088,4.10313081741333
sparse75,15700,28606464,128614400,2.1758763790130615,1.1090489625930786,0.00028163062074415703,26576.348606942673,3.2441831795584317,0.0007308000001557957,1850320384,2109734912,2269507584,4.032035827636719
sparse75,15750,29016064,129024000,1.616885781288147,0.9753221869468689,0.00028102646012867586,26449.653800773034,3.228717504977177,0.0007173999999849912,1850320384,2109734912,2271064064,4.045004844665527
sparse75,15800,29425664,129433600,1.607098937034607,0.9490680694580078,0.0002804132741197676,26455.633044344024,3.2294473931084013,0.000708900000063295,1850320384,2109734912,2272968704,4.130191802978516
sparse75,15850,29835264,129843200,2.041125774383545,1.2309043407440186,0.0002797911104155606,26491.28264761672,3.2337991513204005,0.0007200000000011642,1850320384,2109734912,2274742272,4.136347770690918
sparse75,15900,30244864,130252800,1.76149582862854,1.1957441568374634,0.0002791600174125343,26697.81411646069,3.2590105122632678,0.000699899999972331,1850320384,2109734912,2276663296,4.056221008300781
sparse75,15950,30654464,130662400,1.6579173803329468,1.1020207405090332,0.000278520044201755,26587.2424726082,3.2455129971445555,0.0007100999998783664,1850320384,2109734912,2278551552,4.061691761016846
sparse75,16000,31064064,131072000,1.3893502950668335,0.991392195224762,0.000277871240565057,26502.389808994983,3.235155005980833,0.000703899999962232,1850320384,2109734912,2280370176,4.066666126251221
sparse75,16050,31473664,131481600,1.0549664497375488,0.9025484919548035,0.0002772136569711702,26457.91441096767,3.229725880245077,0.0007262999999966269,1850320384,2109734912,3152769024,4.104043006896973
sparse75,16100,31883264,131891200,1.8080214262008667,1.0285496711730957,0.0002765473445717942,26639.94000810131,3.2519458017701792,0.0006928999998763175,1850320384,2109734912,3154591744,4.061989784240723
sparse75,16150,32292864,132300800,1.5472533702850342,1.0729824304580688,0.00027587235519761967,26652.24738439615,3.2534481670405455,0.0007109000000582455,1850320384,2109734912,3156291584,4.051603317260742
sparse75,16200,32702464,132710400,1.5623390674591064,1.0220179557800293,0.0002751887413542962,26506.017079429865,3.235597788016341,0.0007494999999835272,1850320384,2109734912,2253832192,4.115277290344238
sparse75,16250,33112064,133120000,1.985215425491333,1.0774966478347778,0.0002744965562183482,26566.74733116551,3.2430111488239146,0.00068409999994401,1850320384,2109734912,2255618048,4.07325553894043
sparse75,16300,33521664,133529600,1.8020873069763184,1.1126165390014648,0.0002737958536330383,26549.415391072605,3.2408954334805427,0.0007027999999991152,1850320384,2109734912,2257629184,4.058653831481934
sparse75,16350,33931264,133939200,1.8526341915130615,1.4700524806976318,0.0002730866881041793,26353.402603249324,3.2169680912169585,0.000716700000111814,1850320384,2109734912,2259533824,4.094797611236572
sparse75,16400,34340864,134348800,1.3123723268508911,0.9464653134346008,0.0002723691147958941,26404.359297829746,3.2231883908483576,0.000733599999875878,1850320384,2109734912,2261233664,4.069817543029785
sparse75,16450,34750464,134758400,1.7675960063934326,0.9969276189804077,0.0002716431895263246,26595.079845302775,3.2464697076785614,0.0007010000001628214,1850320384,2109734912,2262876160,4.083624839782715
sparse75,16500,35160064,135168000,1.736321210861206,1.0117267370224,0.0002709089687632899,26494.272780405016,3.234164157764284,0.0007043000000521715,1850320384,2109734912,2264080384,4.090310096740723
sparse75,16550,35569664,135577600,1.8366490602493286,1.221421480178833,0.0002701665096198936,25116.037503597938,3.06592254682592,0.000972099999899001,1850320384,2109734912,2265841664,4.053409576416016
sparse75,16600,35979264,135987200,2.1054625511169434,1.0942161083221436,0.00026941586985008146,26817.17281134833,3.273580665447794,0.0007150000001274748,1850320384,2109734912,2267561984,4.079820156097412
sparse75,16650,36388864,136396800,1.9691296815872192,1.0479986667633057,0.00026865710784414854,26180.679285075475,3.19588370179144,0.0007528000001002511,1850320384,2109734912,2269392896,4.06835412979126
sparse75,16700,36798464,136806400,2.0293262004852295,1.2519292831420898,0.0002678902826241973,24049.237525863013,2.935697940168825,0.0011216000000331405,1850320384,2109734912,2271051776,4.063109874725342
sparse75,16750,37208064,137216000,1.9186968803405762,1.1167123317718506,0.00026711545383954646,25040.149213868783,3.0566588395835916,0.0006945999998606567,1850320384,2109734912,2272583680,4.049946308135986
sparse75,16800,37617664,137625600,1.573812484741211,1.208829641342163,0.000266332681762091,25487.512456740114,3.1112686104419085,0.00823250000007647,1850320384,2109734912,2245861376,4.036921501159668
sparse75,16850,38027264,138035200,1.7127907276153564,1.1790337562561035,0.0002655420272816138,25808.150801273547,3.1504090333585872,0.005590900000015608,1850320384,2109734912,419176448,4.101192474365234
sparse75,16900,38436864,138444800,1.5797990560531616,1.0813484191894531,0.0002647435519010491,26174.254974685686,3.1950994842145612,0.006135200000016994,1850320384,2109734912,264122368,4.0820746421813965
sparse75,16950,38846464,138854400,1.566974401473999,0.9588086605072021,0.00026393731773169843,23889.065153682495,2.9161456486428827,0.009969399999818052,1850320384,2109734912,205991936,4.0520477294921875
sparse75,17000,39256064,139264000,1.5986372232437134,1.0633455514907837,0.0002631233874883992,25201.15238667606,3.0763125472016677,0.010313000000223838,1850320384,2109734912,208347136,4.083101749420166
sparse75,17050,39665664,139673600,1.507581353187561,1.102221131324768,0.000262301824484646,25570.083002869153,3.121348022811176,0.0009834000002229004,1805732352,2118123520,2123124736,4.064352989196777
sparse75,17100,40075264,140083200,1.881954312324524,1.1953176259994507,0.000261472692627666,26338.21066073508,3.2151136060467627,0.0007012000005488517,1807704576,2122317824,2125901824,4.081024646759033
sparse75,17150,40484864,140492800,1.5902255773544312,1.158721923828125,0.00026063605641344744,26561.820107190895,3.242409681053576,0.0007224999999380088,1822154240,2122317824,2128285696,4.059621334075928
sparse75,17200,40894464,140902400,1.3956334590911865,1.041136384010315,0.0002597919809217228,26202.577397041576,3.1985568111623017,0.0009053999992829631,1822154240,2122317824,2130796544,4.048050880432129
sparse75,17250,41304064,141312000,2.043506622314453,1.081435203552246,0.00025894053181090644,26334.39213107347,3.2146474769376794,0.0007180000002335873,1822154240,2122317824,2133221376,4.077188014984131
sparse75,17300,41713664,141721600,1.6484781503677368,1.0708285570144653,0.00025808177531298716,26254.028881368296,3.2048375099326534,0.0007327999992412515,1822154240,2122317824,2135363584,4.029058456420898
sparse75,17350,42123264,142131200,1.7628965377807617,1.4282853603363037,0.00025721577822837626,26353.94519392274,3.217034325430022,0.0007240000004458125,1822154240,2122317824,2137837568,4.114337921142578
sparse75,17400,42532864,142540800,1.5903682708740234,1.0525660514831543,0.00025634260792071106,26594.38050870687,3.2463843394417564,0.0007483999997930368,1822154240,2122317824,2140225536,4.044994354248047
sparse75,17450,42942464,142950400,1.7882275581359863,1.0142542123794556,0.0002554623323116153,26582.644051544914,3.2449516664483538,0.0007381000004897942,1822154240,2122317824,2142707712,4.031204700469971
sparse75,17500,43352064,143360000,1.9240299463272095,1.2351970672607422,0.0002545750198754154,26289.457452582334,3.2091622866921794,0.0007334000001719687,1822154240,2122317824,2144862208,4.048081398010254
sparse75,17550,43761664,143769600,2.0597686767578125,1.4683212041854858,0.00025368073963381383,26309.552178814007,3.2116152562028817,0.0007316999999602558,1822154240,2122317824,2147504128,4.058256149291992
sparse75,17600,44171264,144179200,1.989829421043396,1.0837980508804321,0.00025277956115052054,26540.93417476553,3.239860128755558,0.0007222000003821449,1822154240,2122317824,2149605376,4.0509724617004395
sparse75,17650,44580864,144588800,1.548470139503479,1.2557467222213745,0.0002518715545258416,26321.792915061706,3.2131094867018684,0.0007243000000016764,1822154240,2122317824,2151972864,4.041717529296875
sparse75,17700,44990464,144998400,1.656670331954956,1.0552772283554077,0.00025095679039122625,26425.50809912205,3.2257700316311095,0.0007351000003836816,1822154240,2122317824,2154348544,4.051115036010742
sparse75,17750,45400064,145408000,2.169569969177246,1.1111414432525635,0.00025003533990377246,26553.330964979777,3.241373408811008,0.0007145999998101615,1822154240,2122317824,2156761088,4.034183979034424
sparse75,17800,45809664,145817600,1.5402567386627197,0.987810492515564,0.0002491072747406922,26474.90458916881,3.231799876607521,0.0006929000001036911,1822154240,2122317824,2158841856,4.042111873626709
sparse75,17850,46219264,146227200,2.8916754722595215,1.5686442852020264,0.00024817266709373573,26344.78349485029,3.215915953961217,0.0007218999999167863,1822154240,2122317824,2161307648,4.092252731323242
sparse75,17900,46628864,146636800,1.8229799270629883,1.0871689319610596,0.0002472315896635758,26287.37374952135,3.208907928408368,0.0007255000000441214,1822154240,2122317824,2163642368,4.1212968826293945
sparse75,17950,47038464,147046400,1.6385186910629272,1.2840055227279663,0.00024628411565415264,26543.471090207102,3.2401698108162966,0.0007092999994711136,1822154240,2122317824,2166415360,4.243470668792725
sparse75,18000,47448064,147456000,1.9929921627044678,1.1474308967590332,0.0002453303187669795,26427.298315233205,3.225988563871241,0.0007329000000027008,1822154240,2122317824,2168532992,4.019840240478516
sparse75,18050,47857664,147865600,1.5889880657196045,1.3532037734985352,0.0002443702731954098,25838.46480660488,3.1541094734625097,0.0007473000005120412,1822154240,2122317824,3067826176,4.065903663635254
sparse75,18100,48267264,148275200,1.8474910259246826,1.1323864459991455,0.00024340405361886568,26697.587896368525,3.2589828975059234,0.0007000000005064066,1822154240,2122317824,3070083072,4.026917457580566
sparse75,18150,48676864,148684800,1.9147706031799316,1.095141053199768,0.00024243173519702886,26538.767431026547,3.2395956336702327,0.0007174000002123648,1822154240,2122317824,3072417792,4.039361953735352
sparse75,18200,49086464,149094400,1.9651888608932495,1.1648205518722534,0.0002414533935639942,26773.20169842449,3.2682130979522084,0.000698299999385199,1822154240,2122317824,3074437120,4.029231548309326
sparse75,18250,49496064,149504000,1.816601037979126,1.840835690498352,0.00024046910482238633,25956.512701955377,3.168519616937912,0.0007625999996889732,1822154240,2122317824,3076784128,4.059880256652832
sparse75,18300,49905664,149913600,1.7779929637908936,1.2511793375015259,0.00023947894553743988,26195.019876520615,3.197634262270583,0.0007078999997247593,1822154240,2122317824,3078934528,4.075407981872559
sparse75,18350,50315264,150323200,1.8261984586715698,1.1136987209320068,0.00023848299273104354,26378.274502770357,3.2200042117639596,0.0007156000001486973,1822154240,2122317824,2185056256,4.091139793395996
sparse75,18400,50724864,150732800,1.8516777753829956,1.1681580543518066,0.00023748132387574886,26749.466365773544,3.265315718478216,0.0007143000002542976,1822154240,2122317824,2187206656,4.039325714111328
sparse75,18450,51134464,151142400,1.2821208238601685,1.018646478652954,0.00023647401688874388,26771.215583771143,3.2679706523158134,0.0006941000001461362,1822154240,2122317824,2189516800,4.179152488708496
sparse75,18500,51544064,151552000,2.088324785232544,1.3274238109588623,0.00023546115012579186,26664.071433187655,3.25489153237154,0.0006983000002946937,1822154240,2122317824,2191597568,4.0512003898620605
sparse75,18550,51953664,151961600,1.287431001663208,1.0005148649215698,0.00023444280237513673,26663.151505068567,3.2547792364585653,0.0007048999996186467,1822154240,2122317824,2193657856,4.086313724517822
sparse75,18600,52363264,152371200,1.0002118349075317,0.777535617351532,0.00023341905285137379,26695.00403911593,3.258667485243644,0.0006844999998065759,1822154240,2122317824,2195767296,4.097652912139893
sparse75,18650,52772864,152780800,1.6812429428100586,1.0389081239700317,0.00023238998118928824,26788.470493450273,3.270076964532504,0.0006794999999328866,1822154240,2122317824,2197913600,4.055732727050781
sparse75,18700,53182464,153190400,1.9241801500320435,1.478054165840149,0.00023135566743766035,25562.367402252006,3.1204061770327156,0.000776199999563687,1822154240,2122317824,2200150016,4.054221153259277
sparse75,18750,53592064,153600000,1.571801781654358,1.0538362264633179,0.0002303161920530388,26778.66284516181,3.268879741841041,0.000685699999849021,1822154240,2122317824,2202243072,4.100679874420166
sparse75,18800,54001664,154009600,1.5319077968597412,1.2024213075637817,0.00022927163589348204,26618.576465061207,3.249337947395167,0.0006941999999980908,1822154240,2122317824,2204258304,4.054203033447266
sparse75,18850,54411264,154419200,1.4162954092025757,1.02389395236969,0.00022822208021226883,26713.441276261452,3.2609181245436343,0.0006858999995529302,1822154240,2122317824,2206355456,4.081789970397949
sparse75,18900,54820864,154828800,2.1687774658203125,1.3803373575210571,0.00022716760665157746,26606.77543878133,3.2478973924293615,0.0007074000004649861,1822154240,2122317824,2208555008,4.077059268951416
sparse75,18950,55230464,155238400,2.178436040878296,1.138600468635559,0.00022610829723613508,26398.369178875073,3.2224571751556486,0.0007291000001714565,1822154240,2122317824,2210631680,4.031713008880615
sparse75,19000,55640064,155648000,1.9926425218582153,1.2684038877487183,0.00022504423436683747,26274.558228545025,3.2073435337579377,0.0007427000000461703,1822154240,2122317824,2179207168,4.0761847496032715
sparse75,19050,56049664,156057600,1.8469350337982178,1.106435775756836,0.00022397550081433885,26549.37236920777,3.2408901817880578,0.0007264999994731625,1822154240,2122317824,3078963200,4.066267013549805
sparse75,19100,56459264,156467200,0.9743263125419617,1.1475913524627686,0.0002229021797126139,22366.276722091363,2.7302583889271683,0.0007894000000305823,1822154240,2122317824,3081084928,4.121599197387695
sparse75,19150,56868864,156876800,1.2813353538513184,1.1052826642990112,0.00022182435455249044,26256.940444619828,3.2051929253686313,0.0007346000002144137,1822154240,2122317824,3083223040,4.07707405090332
sparse75,19200,57278464,157286400,1.7759109735488892,1.2054195404052734,0.00022074210917515523,26566.247634264786,3.242950150667088,0.0007202000006145681,1822154240,2122317824,2187489280,4.041166305541992
sparse75,19250,57688064,157696000,1.5325908660888672,1.0053385496139526,0.0002196555277656322,26708.537864035425,3.260319563480887,0.0006925999996383325,1822154240,2122317824,2189463552,4.040823459625244
sparse75,19300,58097664,158105600,1.785683512687683,1.0778168439865112,0.00021856469484623372,26532.845084060737,3.238872690925383,0.0007015000001047156,1822154240,2122317824,2191495168,4.066799163818359
sparse75,19350,58507264,158515200,1.5899815559387207,1.140954852104187,0.00021746969526998604,26691.49879677711,3.2582395992159556,0.0006843000001026667,1822154240,2122317824,2193739776,4.062221527099609
sparse75,19400,58916864,158924800,1.5958331823349,1.196101427078247,0.00021637061421402853,26217.24404662032,3.200347173659707,0.0007291000001714565,1822154240,2122317824,2195714048,4.045000076293945
sparse75,19450,59326464,159334400,1.4439975023269653,1.273445725440979,0.00021526753717298843,26671.66760434464,3.2558187993584764,0.0007372000000032131,1822154240,2122317824,2197708800,4.073084831237793
sparse75,19500,59736064,159744000,1.6360197067260742,1.0982698202133179,0.00021416054995232982,26622.624941423583,3.249832146169871,0.0006845000007160706,1822154240,2122317824,2199605248,4.056063175201416
sparse75,19550,60145664,160153600,1.7230900526046753,1.1808589696884155,0.0002130497386616796,26248.98986886529,3.20422239610172,0.0007239000005938578,1822154240,2122317824,2201739264,4.064647197723389
sparse75,19600,60555264,160563200,1.177603840827942,1.0240229368209839,0.000211935189708129,26545.07948781986,3.2403661484155104,0.000677699999869219,1822154240,2122317824,2203631616,4.139256954193115
sparse75,19650,60964864,160972800,1.7954306602478027,1.1507843732833862,0.00021081698978951216,26729.941449948135,3.262932305901872,0.0007204000003184774,1822154240,2122317824,2205536256,4.157442092895508
sparse75,19700,61374464,161382400,2.2231569290161133,1.4872231483459473,0.0002096952258876622,26473.92066746901,3.2316797689781507,0.0006980999996812898,1822154240,2122317824,2207461376,4.091931343078613
sparse75,19750,61784064,161792000,1.5576070547103882,1.1311570405960083,0.00020856998526164522,26330.67626636692,3.2141938801717433,0.0006862999998702435,1822154240,2122317824,2209275904,4.057727813720703
sparse75,19800,62193664,162201600,1.8791345357894897,1.1562480926513672,0.00020744135544097244,26182.57874111867,3.1961155689842125,0.0007082000001901179,1822154240,2122317824,2211098624,4.028481483459473
sparse75,19850,62603264,162611200,1.3763729333877563,1.0594227313995361,0.00020630942421879172,24841.79729429497,3.0324459587762416,0.000692200000230514,1822154240,2122317824,2213281792,4.038249969482422
sparse75,19900,63012864,163020800,1.7004661560058594,1.2814359664916992,0.00020517427964505817,26380.58502300714,3.2202862576913014,0.0007237999998324085,1822154240,2122317824,2215038976,4.111664772033691
sparse75,19950,63422464,163430400,1.4780590534210205,1.222206473350525,0.0002040360100196852,26384.86735102143,3.220809002810233,0.0007227999994938727,1822154240,2122317824,2217074688,4.035097122192383
sparse75,20000,63832064,163840000,1.8882147073745728,1.2437745332717896,0.0002028947038856756,25840.75508505278,3.154389048468357,0.0006943000007595401,1822154240,2122317824,2219032576,4.064169406890869
sparse75,20050,64241664,164249600,1.6418325901031494,1.0467272996902466,0.00020175045002223443,26461.426946683252,3.2301546565775454,0.0007428999997500796,1822154240,2160066560,3167023104,4.087276458740234
sparse75,20100,64651264,164659200,1.6453830003738403,1.2003366947174072,0.00020060333743786264,26131.990155857664,3.1899402045724687,0.0007204000003184774,1822154240,2160066560,2271047680,4.0456695556640625
sparse75,20150,65060864,165068800,1.8927156925201416,1.0986562967300415,0.0001994534553634337,26717.701651430794,3.261438189871923,0.000697299999956158,1822154240,2160066560,2272980992,4.028813362121582
sparse75,20200,65470464,165478400,1.5785436630249023,1.0773996114730835,0.00019830089324525242,26315.611948848342,3.212354974224651,0.0007112000002962304,1822154240,2160066560,2274873344,4.062155723571777
sparse75,20250,65880064,165888000,1.92890202999115,1.1458337306976318,0.0001971457407380971,26023.665270624868,3.1767169519805747,0.0007525999999415944,1822154240,2160066560,2276712448,4.067804336547852
sparse75,20300,66289664,166297600,1.8766118288040161,1.3812376260757446,0.00019598808769824566,26679.963223825675,3.2568314482209075,0.0006935999999768683,1822154240,2160066560,2278526976,4.031355857849121
sparse75,20350,66699264,166707200,1.7271196842193604,1.2732455730438232,0.00019482802417648595,26227.509558434278,3.2016002878948093,0.0007405000005746842,1822154240,2160066560,2280329216,4.113764762878418
sparse75,20400,67108864,167116800,1.7016677856445312,1.0744132995605469,0.00019366564041111068,26019.11096076896,3.1761610059532424,0.0007198000002972549,1822154240,2160066560,2282049536,4.06165885925293
sparse75,20450,67518464,167526400,1.8548449277877808,1.477512240409851,0.00019250102682089832,26710.60178088049,3.260571506455138,0.0007161000003179652,1822154240,2160066560,2284101632,4.080266952514648
sparse75,20500,67928064,167936000,2.292295455932617,1.323783278465271,0.00019133427399807969,26681.344880539156,3.25700010748769,0.0007149000002755201,1839808000,2160066560,2285867008,4.073392868041992
sparse75,20550,68337664,168345600,1.7034908533096313,1.1415932178497314,0.0001901654727012906,26289.828673207372,3.2092076017098843,0.0007096999997884268,1839808000,2160066560,2287681536,4.04063606262207
sparse75,20600,68747264,168755200,1.6682542562484741,1.1005184650421143,0.00018899471384851258,24990.38303442342,3.050583866506765,0.0008183999998436775,1839808000,2160066560,2289422336,4.050158977508545
sparse75,20650,69156864,169164800,1.7660306692123413,1.1247916221618652,0.00018782208851000006,26693.942801566547,3.258537939644354,0.0007045000002108281,1839808000,2160066560,2291249152,4.043667316436768
sparse75,20700,69566464,169574400,1.5414395332336426,1.1670950651168823,0.00018664768790119663,26622.61628953297,3.24983109003088,0.000714200000402343,1839808000,2160066560,2292985856,4.091093063354492
sparse75,20750,69976064,169984000,1.5347298383712769,1.2857915163040161,0.00018547160337563934,26633.383606933665,3.2511454598307696,0.0007318999996641651,1839808000,2160066560,2294792192,4.286128997802734
sparse75,20800,70385664,170393600,1.8599337339401245,1.8918825387954712,0.00018429392641785292,26047.65334231576,3.1796451833881543,0.0007065999998303596,1839808000,2160066560,2296467456,4.0474348068237305
sparse75,20850,70795264,170803200,1.5223413705825806,1.303719162940979,0.00018311474863623296,26645.086921851216,3.252574087140041,0.0006935999999768683,1839808000,2160066560,2298277888,4.062505722045898
sparse75,20900,71204864,171212800,1.6753157377243042,1.289671778678894,0.00018193416175592048,26538.354758106787,3.2395452585579574,0.0006810999993831501,1839808000,2160066560,2299891712,4.079599380493164
sparse75,20950,71614464,171622400,1.4577770233154297,1.1742377281188965,0.00018075225761166625,26800.05626964283,3.2714912438528847,0.0007121999997252715,1839808000,2160066560,2301620224,4.039640426635742
sparse75,21000,72024064,172032000,1.8762962818145752,1.4657021760940552,0.00017956912814068795,26569.702819535974,3.2433719262128875,0.0007092999994711136,1839808000,2160066560,2303295488,4.050470352172852
sparse75,21050,72433664,172441600,2.0103096961975098,1.5027987957000732,0.0001783848653755178,26587.76021819387,3.245576198509994,0.0007107000001269625,1839808000,2160066560,3202011136,4.075007915496826
sparse75,21100,72843264,172851200,2.2766027450561523,1.2361327409744263,0.00017719956143684415,26598.525262417883,3.2468902908224955,0.0006906999997227103,1839808000,2160066560,3203584000,4.070550918579102
sparse75,21150,73252864,173260800,1.04408597946167,0.9707140326499939,0.00017601330852634565,26585.775636455466,3.245333939997005,0.0006923999999344232,1839808000,2160066560,3205517312,4.0545973777771
sparse75,21200,73662464,173670400,2.208177328109741,1.2927900552749634,0.00017482619891951885,26628.95098771495,3.2506043686175476,0.0006858999995529302,1839808000,2160066560,3207147520,4.118435859680176
sparse75,21250,74072064,174080000,2.0619008541107178,1.2031493186950684,0.00017363832495850034,26219.01454659624,3.200563299145049,0.0007241000002977671,1839808000,2160066560,3208851456,4.109402656555176
sparse75,21300,74481664,174489600,2.135432004928589,1.1697560548782349,0.000172449779044884,26387.918507980943,3.2211814584937675,0.0006876999996165978,1839808000,2160066560,2314252288,4.0132341384887695
sparse75,21350,74891264,174899200,1.5949091911315918,1.1335606575012207,0.00017126065363253306,26547.513957549832,3.2406633248962198,0.0007163000000218744,1839808000,2160066560,2315878400,4.019028186798096
sparse75,21400,75300864,175308800,2.00949764251709,1.436232566833496,0.00017007104122038848,26586.845548024456,3.245464544436579,0.0007245999995575403,1839808000,2160066560,2317434880,4.140519142150879
sparse75,21450,75710464,175718400,1.13621187210083,0.9187145829200745,0.00016888103434527354,26673.63897529811,3.25605944522682,0.0006896999993841746,1839808000,2160066560,2319015936,4.0774030685424805
sparse75,21500,76120064,176128000,1.4948099851608276,1.220989465713501,0.00016769072557469585,26255.661296810536,3.2050367793958174,0.0007122999995772261,1839808000,2160066560,2320699392,4.028789520263672
sparse75,21550,76529664,176537600,1.7781840562820435,1.151126742362976,0.00016650020749964673,26522.67410196258,3.237631115962229,0.000732399999833433,1839808000,2160066560,2322395136,4.05288553237915
sparse75,21600,76939264,176947200,1.5687437057495117,0.9633998274803162,0.0001653095727273986,26186.704940853026,3.196619255475223,0.0007192000002760324,1839808000,2160066560,2324025344,4.0391459465026855
sparse75,21650,77348864,177356800,1.2757500410079956,1.1113368272781372,0.00016411891387430145,26497.040754076646,3.234502045175372,0.0006952000003366265,1839808000,2160066560,2325520384,4.105949401855469
sparse75,21700,77758464,177766400,1.4396811723709106,1.2048022747039795,0.0001629283235585787,26620.176677131753,3.2495332857826846,0.0007118999992599129,1839808000,2160066560,2327224320,4.079474449157715
sparse75,21750,78168064,178176000,1.2854803800582886,1.0623865127563477,0.00016173789439312216,26673.995068989574,3.2561029136950164,0.0006968999996388447,1871494656,2160066560,2328928256,4.05769157409668
sparse75,21800,78577664,178585600,1.6615421772003174,1.1150081157684326,0.00016054771897828823,26613.768336739908,3.2487510176684458,0.0006800000001021544,1871494656,2160066560,2330472448,4.0834245681762695
sparse75,21850,78987264,178995200,1.4482320547103882,1.2561469078063965,0.0001593578898946948,26297.20463798463,3.210107988035233,0.0007163000000218744,1871494656,2160066560,2332020736,4.076277732849121
sparse75,21900,79396864,179404800,1.7504373788833618,1.0961862802505493,0.0001581684996960196,26267.742429908285,3.2065115270884137,0.0007164999997257837,1871494656,2160066560,2333581312,4.046665191650391
sparse75,21950,79806464,179814400,1.5184704065322876,1.1100434064865112,0.0001569796409018005,26078.101239160627,3.183361967670975,0.0007132999999157619,1871494656,2160066560,2335293440,4.1492743492126465
sparse75,22000,80216064,180224000,1.5436906814575195,1.165485143661499,0.00015579140599023892,26289.963665159714,3.2092240802196916,0.0007163999998738291,1871494656,2160066560,2336800768,4.0758562088012695
sparse75,22050,80625664,180633600,1.0086973905563354,1.0382925271987915,0.00015460388739100606,26515.188295993798,3.2367173212883054,0.0007003999999142252,1871494656,2160066560,2338562048,4.200441360473633
sparse75,22100,81035264,181043200,1.6765726804733276,1.1824705600738525,0.00015341717747805304,26222.279270486782,3.2009618250105936,0.0007255000000441214,1871494656,2160066560,2340106240,4.035731792449951
sparse75,22150,81444864,181452800,1.2151659727096558,0.8054456114768982,0.00015223136856242552,26299.357444269608,3.2103707817711924,0.0007260999991558492,1871494656,2160066560,2341543936,4.062594413757324
sparse75,22200,81854464,181862400,1.8519365787506104,1.276159644126892,0.00015104655288508277,26505.51108859498,3.2355360215570044,0.0007143000002542976,1871494656,2160066560,2343149568,4.07395076751709
sparse75,22250,82264064,182272000,1.9595681428909302,1.3709293603897095,0.00014986282260972278,26421.08474813776,3.22523007179416,0.0007382000003417488,1871494656,2160066560,2344632320,4.064069747924805
sparse75,22300,82673664,182681600,1.9675737619400024,1.2817089557647705,0.00014868026981561296,26790.16128716031,3.2702833602490613,0.0007074000004649861,1871494656,2160066560,2346098688,4.051947593688965
sparse75,22350,83083264,183091200,1.4492182731628418,1.008353590965271,0.00014749898649042746,26614.658920002254,3.2488597314455876,0.0007070999999996275,1871494656,2160066560,2347442176,4.048290252685547
sparse75,22400,83492864,183500800,1.554987907409668,1.0223174095153809,0.00014631906452309185,26284.48916747836,3.2085558065769484,0.0007131000002118526,1871494656,2160066560,2348777472,4.119029521942139
sparse75,22450,83902464,183910400,1.5874860286712646,1.2759195566177368,0.00014514059569663537,26236.76631842594,3.202730263479729,0.0007237000008899486,1871494656,2160066560,2350505984,4.069607734680176
sparse75,22500,84312064,184320000,1.6923062801361084,1.2562299966812134,0.00014396367168105105,26703.1488005137,3.2596617188127075,0.0006935000001249136,1871494656,2160066560,2351972352,4.031616687774658
sparse75,22550,84721664,184729600,1.409454345703125,1.1186981201171875,0.0001427883840261652,26367.525714124433,3.218692103774955,0.0007155000002967427,1871494656,2160066560,2353471488,4.053178787231445
sparse75,22600,85131264,185139200,1.5319421291351318,1.084008812904358,0.000141614824154516,26396.208638342945,3.222193437297723,0.000735999999960768,1871494656,2160066560,2355122176,4.070102691650391
sparse75,22650,85540864,185548800,1.2720577716827393,1.024332880973816,0.00014044308335424177,26193.37824237657,3.1974338674776086,0.000718100000085542,1871494656,2160066560,2356502528,4.04930305480957
sparse75,22700,85950464,185958400,1.8395243883132935,1.1198095083236694,0.0001392732527719802,26614.56380638134,3.2488481208961595,0.0007053999997879146,1871494656,2160066560,2357903360,4.073967933654785
sparse75,22750,86360064,186368000,1.9137614965438843,1.1997766494750977,0.00013810542340577815,26517.677372600312,3.237021163647499,0.0007378999998763902,1871494656,2160066560,2359361536,4.03843879699707
sparse75,22800,86769664,186777600,1.7333685159683228,1.0942745208740234,0.000136939686098013,26658.64824506057,3.2542295221021202,0.000695699998686905,1871494656,2160066560,2360897536,4.0390167236328125
sparse75,22850,87179264,187187200,1.4503694772720337,1.3284833431243896,0.00013577613152832645,26748.095112503775,3.2651483291630585,0.0006904000001668464,1871494656,2160066560,2362322944,4.1105546951293945
sparse75,22900,87588864,187596800,1.6704853773117065,1.1189442873001099,0.00013461485020657083,26254.02888129177,3.204837509923312,0.0007012999994913116,1871494656,2160066560,2363777024,4.099351406097412
sparse75,22950,87998464,188006400,2.3805747032165527,1.1692841053009033,0.00013345593246576835,26705.725528940544,3.259976260857,0.0006843999999546213,1871494656,2160066560,2365186048,4.0478105545043945
sparse75,23000,88408064,188416000,0.8564180135726929,0.9244092106819153,0.00013229946845508462,26094.399164694365,3.18535146053398,0.0006978000001254259,1871494656,2160066560,2366550016,4.09152889251709
sparse75,23050,88817664,188825600,1.9336931705474854,1.3414028882980347,0.00013114554813281593,26347.571163684188,3.2162562455669175,0.0007215000005089678,1871494656,2160066560,2367963136,4.079440116882324
sparse75,23100,89227264,189235200,1.2960848808288574,1.1720629930496216,0.00012999426125939178,26635.747696462644,3.25143404497835,0.0007234999993670499,1871494656,2160066560,2369540096,4.064862251281738
sparse75,23150,89636864,189644800,1.3577805757522583,1.056257963180542,0.00012884569739039255,26645.832262646993,3.2526650711239005,0.0006857999997009756,1871494656,2160066560,2370912256,4.024435520172119
sparse75,23200,90046464,190054400,1.7661234140396118,1.1971379518508911,0.00012769994586958323,26256.29243974333,3.205113823210856,0.0007096999997884268,1871494656,2160066560,2372296704,4.037835121154785
sparse75,23250,90456064,190464000,1.294936180114746,1.2324895858764648,0.00012655709582196382,26619.380871939276,3.24943614159415,0.0006962000006751623,1871494656,2160066560,2373779456,4.079692363739014
sparse75,23300,90865664,190873600,1.2368078231811523,1.0178537368774414,0.00012541723614683617,26710.950152612706,3.2606140323013557,0.0007031000004644739,1871494656,2160066560,2375053312,4.036413669586182
sparse75,23350,91275264,191283200,1.5729622840881348,1.258461356163025,0.000124280455510889,26255.627636759473,3.2050326705028653,0.0007561999991594348,1871494656,2160066560,2376384512,4.1162824630737305
sparse75,23400,91684864,191692800,1.6910802125930786,1.3009427785873413,0.00012314684234130053,22395.804286066574,2.733862827888986,0.0009119000005739508,1871494656,2160066560,2377596928,4.069643020629883
sparse75,23450,92094464,192102400,1.992125391960144,1.368949055671692,0.00012201648481886027,25616.434543869877,3.127006169905991,0.0007487000002583954,1871494656,2160066560,2379132928,4.067923545837402
sparse75,23500,92504064,192512000,1.0452208518981934,1.0184165239334106,0.00012088947087110947,24294.619714486736,2.9656518206160567,0.0008303000013256678,1871494656,2160066560,2380275712,4.088006019592285
sparse75,23550,92913664,192921600,1.4184890985488892,1.0542632341384888,0.00011976588816550141,26041.467986030275,3.1788901350134613,0.0007118000012269476,1871494656,2160066560,2381815808,4.042209148406982
sparse75,23600,93323264,193331200,1.6027342081069946,1.120890498161316,0.00011864582410258202,24030.669611446676,2.9334313490535493,0.000753100001020357,1871494656,2160066560,2383003648,4.048478126525879
sparse75,23650,93732864,193740800,1.5104222297668457,1.2129558324813843,0.0001175293658091914,26395.56224615508,3.2221145320013527,0.0007105999993655132,1871494656,2160066560,2384265216,4.0142822265625
sparse75,23700,94142464,194150400,1.643230676651001,1.1886160373687744,0.00011641660013168624,26137.55975635917,3.1906200874461876,0.0007143999991967576,1871494656,2160066560,2385530880,4.050446510314941
sparse75,23750,94552064,194560000,1.6782541275024414,1.2623915672302246,0.00011530761362918429,26343.2670473671,3.215730840743054,0.0007350999985646922,1871494656,2160066560,2387025920,4.056981086730957
sparse75,23800,94961664,194969600,1.2581993341445923,1.113921880722046,0.00011420249256683137,25905.28569644348,3.1622663203666357,0.0007427999989886303,1871494656,2160066560,2388242432,4.027761936187744
sparse75,23850,95371264,195379200,1.9153212308883667,1.2082189321517944,0.00011310132290909073,26639.2036596113,3.251855915479895,0.00068950000058976,1871494656,2160066560,2389585920,4.048361778259277
sparse75,23900,95780864,195788800,1.5669045448303223,1.1618854999542236,0.00011200419031305626,26439.35875509641,3.22746078553423,0.0007079999995767139,1871494656,2160066560,2391134208,4.059889793395996
sparse75,23950,96190464,196198400,1.2570552825927734,1.0260109901428223,0.0001109111801217895,26762.67952179843,3.266928652563285,0.0006977000011829659,1871494656,2160066560,2392424448,4.049474239349365
sparse75,24000,96600064,196608000,1.6604329347610474,1.1048320531845093,0.00010982237735768077,26726.252638197744,3.262482011498748,0.0006803000014770078,1871494656,2160066560,2393522176,4.024731636047363
sparse75,24050,97009664,197017600,0.9960753321647644,0.9798461198806763,0.00010873786671583598,26776.50087489491,3.268615829454945,0.0006856999989395263,1871494656,2160066560,2394857472,4.06322717666626
sparse75,24100,97419264,197427200,1.5946288108825684,1.1111335754394531,0.00010765773255748791,26638.709895571435,3.2517956415492475,0.0007702999992034165,1871494656,2160066560,2396192768,4.04077672958374
sparse75,24150,97828864,197836800,1.7077350616455078,1.1220083236694336,0.00010658205890343426,25939.269432085996,3.166414725596435,0.0007298000000446336,1871494656,2160066560,2397364224,4.057210922241211
sparse75,24200,98238464,198246400,1.0843168497085571,1.0986652374267578,0.00010551092942750173,26744.907710066404,3.2647592419514653,0.0007004999988566851,1871494656,2160066560,2398564352,4.0784478187561035
sparse75,24250,98648064,198656000,1.854475736618042,1.3985025882720947,0.0001044444274500375,26534.589709786058,3.2390856579328684,0.0007552000006398885,1871494656,2160066560,2399715328,4.052947998046875
sparse75,24300,99057664,199065600,1.6715930700302124,1.3464616537094116,0.00010338263593142774,26750.532022763593,3.265445803560009,0.0007087000012688804,1871494656,2160066560,2400845824,4.080864906311035
sparse75,24350,99467264,199475200,1.3955159187316895,1.239738941192627,0.00010232563746564438,25649.784628875586,3.1310772252045393,0.0007033000001683831,1871494656,2160066560,2401959936,4.08613920211792
sparse75,24400,99876864,199884800,1.379850149154663,1.161691427230835,0.00010127351427382038,26741.61631389505,3.264357460192267,0.0006854000002931571,1871494656,2160066560,2403438592,4.0332183837890625
sparse75,24450,100286464,200294400,1.7887294292449951,1.5722888708114624,0.000100226348197854,26785.299735746463,3.269689909148738,0.0006818999991082819,1871494656,2160066560,2404503552,4.064128398895264
sparse75,24500,100696064,200704000,1.4001045227050781,1.2046087980270386,9.918422069404236e-05,26803.76548407113,3.2719440288172765,0.000690700000632205,1871494656,2160066560,2405732352,4.039484024047852
sparse75,24550,101105664,201113600,1.544249415397644,1.1109986305236816,9.814721282674541e-05,26722.190019073798,3.2619860863127195,0.0006904999991093064,1871494656,2160066560,2407047168,4.019965171813965
sparse75,24600,101515264,201523200,1.9911073446273804,1.2438946962356567,9.711540526207998e-05,26799.100633750633,3.271374589080888,0.0006900999997014878,1871494656,2160066560,2408202240,4.0475850105285645
sparse75,24650,101924864,201932800,1.429965853691101,1.2868777513504028,9.608887826164507e-05,26634.2148871909,3.2512469344715456,0.0007483000008505769,1871494656,2160066560,2409263104,4.042309761047363
sparse75,24700,102334464,202342400,1.7248414754867554,1.2360265254974365,9.506771167627836e-05,26284.118097551232,3.2085105099549844,0.0007215000005089678,1871494656,2160066560,2410360832,4.113797664642334
sparse75,24750,102744064,202752000,1.3986395597457886,1.2181622982025146,9.405198493984512e-05,26502.08115099724,3.235117328002593,0.0007473000005120412,1871494656,2160066560,2411683840,4.043511390686035
sparse75,24800,103153664,203161600,1.77873957157135,1.1328507661819458,9.304177706305872e-05,26485.758246923222,3.23312478600137,0.0007292999998753658,1871494656,2160066560,2412756992,4.026041507720947
sparse75,24850,103563264,203571200,2.262312889099121,1.3113813400268555,9.203716662733545e-05,26200.25605374189,3.1982734440602893,0.00072340000042459,1871494656,2160066560,2413912064,4.060632705688477
sparse75,24900,103972864,203980800,1.7899178266525269,1.5912009477615356,9.103823177868089e-05,26283.47718340256,3.2084322733645703,0.0007096999997884268,1871494656,2160066560,2414977024,4.019869327545166
sparse75,24950,104382464,204390400,1.979588508605957,1.5863065719604492,9.004505022161187e-05,26692.89034617019,3.258409466085228,0.0006970000013097888,1871494656,2160066560,2415861760,4.077793598175049
sparse75,25000,104792064,204800000,1.6492518186569214,1.1599024534225464,8.905769921311178e-05,26243.297019128335,3.2035274681553143,0.000727099999494385,1871494656,2160066560,2416930816,4.077230930328369
sparse75,25050,105201664,205209600,1.276172161102295,1.2160439491271973,8.80762555566208e-05,26194.776968681974,3.1976046104348113,0.0007671000003028894,1871494656,2160066560,3316043776,4.072705268859863
sparse75,25100,105611264,205619200,1.322003960609436,1.0587117671966553,8.710079559606185e-05,26578.357650963786,3.2444284241899153,0.0007353999990300508,1871494656,2160066560,3317190656,4.069301128387451
sparse75,25150,106020864,206028800,1.7080293893814087,1.2450698614120483,8.613139520990197e-05,26814.995841389697,3.2733149220446407,0.000688300000547315,1871494656,2160066560,2420256768,4.060484886169434
sparse75,25200,106430464,206438400,1.4337577819824219,1.1830089092254639,8.516812980524958e-05,26379.54014206039,3.220158708747606,0.0006933999993634643,1871494656,2160066560,2421395456,4.101322174072266
sparse75,25250,106840064,206848000,1.7606743574142456,1.2498170137405396,8.421107431198918e-05,25980.311161187885,3.171424702293443,0.0007322999990719836,1871494656,2160066560,2422464512,4.061202526092529
sparse75,25300,107249664,207257600,1.2105722427368164,1.10219144821167,8.326030317695259e-05,26515.78048216894,3.236789609639763,0.0007208000006357906,1871494656,2160066560,2423578624,4.049694538116455
sparse75,25350,107659264,207667200,1.6467912197113037,1.03264319896698,8.231589035812771e-05,23872.05139952142,2.914068774355642,0.0006961999988561729,1871494656,2160066560,2424664064,4.0564866065979
sparse75,25400,108068864,208076800,1.5022318363189697,1.6596770286560059,8.13779093189061e-05,26653.062499351065,3.2535476683778155,0.0007493000011891127,1871494656,2160066560,2425655296,4.094890594482422
sparse75,25450,108478464,208486400,1.7716195583343506,1.2272611856460571,8.044643302236777e-05,26185.424257001614,3.1964629219972673,0.000759299999117502,1871494656,2160066560,2426789888,4.034671783447266
sparse75,25500,108888064,208896000,1.14020836353302,1.07931387424469,7.952153392560598e-05,26187.74297258155,3.1967459683327086,0.0007226000016089529,1871494656,2160066560,2427973632,4.062897205352783
sparse75,25550,109297664,209305600,1.8809401988983154,1.3075677156448364,7.860328397409099e-05,26195.723496874154,3.1977201534270208,0.0006935000001249136,1871494656,2160066560,2429034496,4.086836814880371
sparse75,25600,109707264,209715200,1.3247255086898804,1.108330249786377,7.769175459607338e-05,26765.407670865057,3.2672616785723947,0.0006859999994048849,1871494656,2160066560,2430013440,4.031755447387695
sparse75,25650,110116864,210124800,1.7998688220977783,1.1736871004104614,7.678701669702803e-05,26114.987554606705,3.1878646917244513,0.0007064000001264503,1871494656,2160066560,2431086592,4.048428535461426
sparse75,25700,110526464,210534400,1.2567434310913086,1.0959314107894897,7.588914065413869e-05,25869.06250223947,3.157844543730404,0.0007448999986081617,1871494656,2160066560,2432106496,4.054581165313721
sparse75,25750,110936064,210944000,1.6051610708236694,1.2972900867462158,7.499819631082311e-05,26373.731094333078,3.2194495964762058,0.0007058000010147225,1871494656,2160066560,2433134592,4.028679370880127
sparse75,25800,111345664,211353600,1.3304997682571411,1.1914945840835571,7.41142529713004e-05,26683.57842673177,3.2572727571694053,0.0006856999989395263,1871494656,2160066560,2434105344,4.040295600891113
sparse75,25850,111755264,211763200,1.542512059211731,1.2541958093643188,7.323737939520016e-05,26551.799020521412,3.2411864038722427,0.0006739000000379747,1871494656,2160066560,2435137536,4.056255340576172
sparse75,25900,112164864,212172800,1.5688022375106812,1.2149133682250977,7.236764379221333e-05,26661.28580817983,3.254551490256327,0.0006998999997449573,1871494656,2160066560,2436083712,4.0672407150268555
sparse75,25950,112574464,212582400,1.7771598100662231,1.1250722408294678,7.150511381678705e-05,26120.77478439343,3.188571140673026,0.0007230999999592314,1871494656,2160066560,2437173248,4.046998023986816
sparse75,26000,112984064,212992000,1.401363492012024,1.1794475317001343,7.064985656286145e-05,26233.254364607586,3.202301558179637,0.0007036000006337417,1871494656,2160066560,2438172672,4.0493621826171875
sparse75,26050,113393664,213401600,1.3464553356170654,1.431192398071289,6.980193855865072e-05,26170.943671426037,3.1946952723908737,0.0007146999996621162,1871494656,2160066560,3337023488,4.036780834197998
sparse75,26100,113803264,213811200,1.734227180480957,1.19194495677948,6.896142576146817e-05,25855.93334027128,3.156241862826084,0.0006976000004215166,1871494656,2160066560,3338129408,4.020902633666992
sparse75,26150,114212864,214220800,1.2395403385162354,1.0712311267852783,6.812838355259551e-05,26706.996665757626,3.2601314289254915,0.000702500001352746,1871494656,2160066560,3339100160,4.026435375213623
sparse75,26200,114622464,214630400,1.2682218551635742,1.2105196714401245,6.730287673219704e-05,26697.735809076432,3.2590009532564004,0.0006990000001678709,1871494656,2160066560,3340021760,4.084527969360352
sparse75,26250,115032064,215040000,1.2760257720947266,1.4107664823532104,6.648496951427902e-05,26451.421667038965,3.2289333089647174,0.0007067999995342689,1871494656,2160066560,2443022336,4.051643371582031
sparse75,26300,115441664,215449600,1.2816016674041748,1.398245930671692,6.56747255216944e-05,26446.946946716744,3.2283870784566338,0.0007306000006792601,1871494656,2160066560,2444062720,4.093644618988037
sparse75,26350,115851264,215859200,1.6564844846725464,1.3186851739883423,6.487220778119421e-05,24900.044195202987,3.0395561761722396,0.0008109000009426381,1871494656,2160066560,2444800000,4.026581287384033
sparse75,26400,116260864,216268800,1.2992507219314575,1.1506744623184204,6.407747871852458e-05,26612.540639986393,3.248601152342089,0.0006893000008858507,1871494656,2160066560,2445889536,4.062314987182617
sparse75,26450,116670464,216678400,2.1342921257019043,1.4701881408691406,6.32906001535707e-05,26022.375685316514,3.1765595318989885,0.000751900000977912,1871494656,2160066560,2446794752,4.092093467712402
sparse75,26500,117080064,217088000,1.3604016304016113,1.1677976846694946,6.251163329554842e-05,26189.174587034762,3.196920725956392,0.0006837000000814442,1871494656,2160066560,2447708160,4.039674282073975
sparse75,26550,117489664,217497600,1.794463038444519,1.46526300907135,6.174063873824256e-05,26752.925692988712,3.265737999632411,0.000698599998941063,1871494656,2160066560,2448703488,4.043223857879639
sparse75,26600,117899264,217907200,1.333984136581421,1.1089833974838257,6.097767645529357e-05,26611.425436181606,3.2484650190651374,0.0006931000007170951,1871494656,2160066560,2449612800,4.079504013061523
sparse75,26650,118308864,218316800,1.6191822290420532,1.164765477180481,6.022280579553249e-05,26653.123201384857,3.25355507829405,0.0007131999991543125,1871494656,2160066560,2450542592,4.075956344604492
sparse75,26700,118718464,218726400,1.7229115962982178,1.3931595087051392,5.947608547836422e-05,26536.695598311548,3.239342724403265,0.0007432000002154382,1871494656,2160066560,2451402752,4.055459022521973
sparse75,26750,119128064,219136000,1.9492360353469849,1.2792164087295532,5.87375735891999e-05,26624.338129077947,3.2500412755222103,0.0006921000003785593,1871494656,2160066560,2452258816,4.084661483764648
sparse75,26800,119537664,219545600,1.3638713359832764,1.1759010553359985,5.80073275749387e-05,26572.91755186334,3.2437643495926927,0.0006809999995311955,1871494656,2160066560,2453176320,4.033735752105713
sparse75,26850,119947264,219955200,1.2409816980361938,1.1071888208389282,5.728540423949897e-05,26735.550743486136,3.26361703411696,0.000688300000547315,1871494656,2160066560,2454183936,4.070672512054443
sparse75,26900,120356864,220364800,1.0766711235046387,1.0202481746673584,5.6571859739399895e-05,26610.284394111626,3.2483257317030794,0.0006979999998293351,1871494656,2160066560,2454966272,4.133241653442383
sparse75,26950,120766464,220774400,0.768958330154419,0.9046738743782043,5.5866749579392985e-05,25781.907470834965,3.147205501810909,0.0007394999993266538,1871494656,2160066560,2455728128,4.0633416175842285
sparse75,27000,121176064,221184000,1.5331506729125977,1.1673611402511597,5.517012860814465e-05,26682.344281061498,3.257122104621765,0.0006988999994064216,1871494656,2160066560,2456584192,4.057487487792969
sparse75,27050,121585664,221593600,1.7053605318069458,1.451844573020935,5.4482051013969536e-05,26153.063742665378,3.192512663899582,0.0007207999988168012,1871494656,2160066560,3355480064,4.038378715515137
sparse75,27100,121995264,222003200,1.5741220712661743,1.3054202795028687,5.380257032061559e-05,26511.695793886185,3.236290990464622,0.0006947000001673587,1871494656,2160066560,3356454912,4.031075477600098
sparse75,27150,122404864,222412800,1.83112370967865,1.275498628616333,5.313173938310024e-05,26628.405669661966,3.250537801472408,0.00072340000042459,1871494656,2160066560,3357065216,4.071610450744629
sparse75,27200,122814464,222822400,1.7382371425628662,1.103304386138916,5.246961038359927e-05,26602.55036364121,3.247381636186671,0.0006904999991093064,1871494656,2160066560,2460102656,4.043308734893799
sparse75,27250,123224064,223232000,1.3604317903518677,1.1509270668029785,5.1816234827387556e-05,26511.95319500305,3.236322411499396,0.0006769999999960419,1871494656,2160066560,2460966912,4.071606636047363
sparse75,27300,123633664,223641600,1.181480884552002,1.520550012588501,5.117166353883259e-05,26218.083116281123,3.2004495991554105,0.0007277000004251022,1871494656,2160066560,2461913088,4.058195114135742
sparse75,27350,124043264,224051200,1.3085721731185913,1.1832475662231445,5.0535946657441045e-05,26469.104783995896,3.231091892577624,0.0007534999986091862,1871494656,2160066560,2462683136,4.0424699783325195
sparse75,27400,124452864,224460800,1.7000435590744019,1.345513939857483,4.990913363395854e-05,26158.25810019209,3.193146740746105,0.0007037000013951911,1871494656,2160066560,2463473664,4.046787261962891
sparse75,27450,124862464,224870400,1.6405236721038818,1.2112903594970703,4.9291273226522936e-05,26613.1371826982,3.248673972497339,0.0007036000006337417,1871494656,2160066560,2464215040,4.043079376220703
sparse75,27500,125272064,225280000,1.516414999961853,1.2658506631851196,4.868241349687165e-05,23384.147420549598,2.8545101831725583,0.0007847999986552168,1871494656,2160066560,2465054720,4.031301498413086
sparse75,27550,125681664,225689600,1.4992287158966064,1.3007385730743408,4.808260180660304e-05,26025.384916489642,3.176926869688677,0.0007538999998359941,1871494656,2160066560,2465808384,4.069947242736816
sparse75,27600,126091264,226099200,1.3899468183517456,1.1396574974060059,4.749188481349223e-05,25856.07207376916,3.1562587980675243,0.0007210000003396999,1871494656,2160066560,2466693120,4.017906665802002
sparse75,27650,126500864,226508800,1.1033961772918701,1.2166544198989868,4.691030846786183e-05,26319.129078495065,3.2127843113397296,0.0007458000000042375,1871494656,2160066560,2467467264,4.1138715744018555
sparse75,27700,126910464,226918400,1.3263297080993652,1.3292657136917114,4.633791800900735e-05,26657.51182451438,3.2540907988909153,0.0006855999999970663,1871494656,2160066560,2468315136,4.066436767578125
sparse75,27750,127320064,227328000,1.6552960872650146,1.4498649835586548,4.577475796167845e-05,26126.07297239951,3.189217892138612,0.0007095000000845175,1871494656,2160066560,2469093376,4.040907859802246
sparse75,27800,127729664,227737600,1.445901870727539,1.1353356838226318,4.5220872132615255e-05,26056.684102459953,3.1807475711010684,0.0007052000000840053,1871494656,2160066560,2469830656,4.019960880279541
sparse75,27850,128139264,228147200,1.940635323524475,1.6364281177520752,4.4676303607140876e-05,26592.51579086182,3.246156712751687,0.0007215000005089678,1871494656,2160066560,2470518784,4.077179908752441
sparse75,27900,128548864,228556800,1.6944853067398071,1.3711273670196533,4.414109474580982e-05,26251.479690147316,3.204526329363686,0.0007002999991527759,1871494656,2160066560,2471452672,4.069663047790527
sparse75,27950,128958464,228966400,1.1016912460327148,1.082499623298645,4.361528718111295e-05,26256.485996399766,3.2051374507323933,0.0006928000002517365,1871494656,2160066560,2472157184,4.115192413330078
sparse75,28000,129368064,229376000,1.3194042444229126,1.1810108423233032,4.309892181423892e-05,26636.570463578086,3.251534480417247,0.0007083999989845324,1871494656,2160066560,2472873984,4.034160614013672
sparse75,28050,129777664,229785600,1.79420804977417,1.167935848236084,4.259203881189267e-05,26698.440592032843,3.259086986332134,0.0006921000003785593,1871494656,2160066560,3372101632,4.035819053649902
sparse75,28100,130187264,230195200,1.7086617946624756,1.2694401741027832,4.209467760317094e-05,26090.260453491348,3.1848462467640806,0.0007035999988147523,1871494656,2160066560,2474848256,4.0858964920043945
sparse75,28150,130596864,230604800,1.7632274627685547,1.3336752653121948,4.160687687649511e-05,26200.415266310323,3.198292879188272,0.0006991000009293202,1871494656,2160066560,2475704320,4.04590368270874
sparse75,28200,131006464,231014400,1.4466309547424316,1.084320306777954,4.112867457660184e-05,26375.93041808775,3.2197180686142275,0.0007025999984762166,1871494656,2160066560,2476486656,4.028177261352539
sparse75,28250,131416064,231424000,1.7658886909484863,1.1960580348968506,4.066010790159135e-05,26275.12285996643,3.2074124584919956,0.000679300001138472,1871494656,2160066560,2477256704,4.037777900695801
sparse75,28300,131825664,231833600,1.3134510517120361,1.4059656858444214,4.020121330003394e-05,26437.455988687107,3.2272285142440316,0.0007230000010167714,1871494656,2160066560,2477916160,4.056072235107422
sparse75,28350,132235264,232243200,1.5586574077606201,1.2267473936080933,3.975202646813474e-05,26564.800342460956,3.242773479304316,0.0006904000001668464,1871494656,2160066560,2478690304,4.056546211242676
sparse75,28400,132644864,232652800,1.8430594205856323,1.3312052488327026,3.9312582346956965e-05,26602.68858612554,3.247398509048528,0.0006990000001678709,1871494656,2160066560,2479394816,4.052342414855957
sparse75,28450,133054464,233062400,0.9819779992103577,1.0025157928466797,3.888291511970403e-05,26691.637945211147,3.2582565851087826,0.0006861000001663342,1871494656,2160066560,2480037888,4.043797016143799
sparse75,28500,133464064,233472000,1.6579668521881104,1.417612910270691,3.846305820906039e-05,26549.61329343107,3.240919591483285,0.000707499999407446,1871494656,2160066560,2480701440,4.062538146972656
sparse75,28550,133873664,233881600,1.2162374258041382,1.0905274152755737,3.805304427459179e-05,26185.240116641624,3.1964404439259795,0.0007071999989420874,1871494656,2160066560,2481561600,4.028977394104004
sparse75,28600,134283264,234291200,1.40249502658844,1.1589957475662231,3.765290521020467e-05,26536.815944868067,3.2393574151450277,0.0006861000001663342,1871494656,2160066560,2482163712,4.053868770599365
sparse75,28650,134692864,234700800,1.960544228553772,1.4112695455551147,3.72626721416654e-05,26571.771190811793,3.2436244129408927,0.0007048999996186467,1871494656,2160066560,2482761728,4.048699378967285
sparse75,28700,135102464,235110400,1.1992545127868652,1.4015814065933228,3.688237542417883e-05,26680.64099978485,3.256914184544049,0.0006969999994907994,1871494656,2160066560,2483318784,4.09157657623291
sparse75,28750,135512064,235520000,1.1515355110168457,1.1885486841201782,3.651204464002724e-05,26298.52160694848,3.2102687508482033,0.0007074000004649861,1871494656,2160066560,2484064256,4.0797247886657715
sparse75,28800,135921664,235929600,1.505308747291565,1.2858716249465942,3.615170859626917e-05,26474.442564689132,3.231743477134904,0.000705000000380096,1871494656,2160066560,2484596736,4.063856601715088
sparse75,28850,136331264,236339200,1.4554545879364014,1.202154278755188,3.5801395322498496e-05,26677.808472660836,3.256568417072856,0.0006916000002092915,1871494656,2160066560,2485362688,4.030584812164307
sparse75,28900,136740864,236748800,1.1745129823684692,1.0603927373886108,3.546113206866419e-05,26549.71654803053,3.240932195804508,0.00068950000058976,1871494656,2160066560,2485977088,4.018533229827881
sparse75,28950,137150464,237158400,1.4312220811843872,1.1564998626708984,3.5130945302950626e-05,26665.980920305687,3.2551246240607528,0.0006739000000379747,1871494656,2160066560,2486403072,4.044798851013184
sparse75,29000,137560064,237568000,1.7736886739730835,1.493381142616272,3.4810860709718566e-05,26650.71267551436,3.2532608246477492,0.0007036999995762017,1871494656,2160066560,2487324672,4.051568031311035
sparse75,29050,137969664,237977600,1.4662621021270752,1.3634264469146729,3.4500903187507435e-05,26088.457449866026,3.184626153548099,0.0007076000001688953,1871494656,2160066560,3385729024,4.050879001617432
sparse75,29100,138379264,238387200,0.8542245626449585,1.1028577089309692,3.420109684709826e-05,26659.637270171104,3.2543502527064336,0.0007279000001290115,1871494656,2160066560,3386314752,4.074475288391113
sparse75,29150,138788864,238796800,1.2825146913528442,1.3462591171264648,3.3911465009638435e-05,26745.571325864636,3.2648402497393354,0.0006795000008423813,1871494656,2160066560,3386978304,4.057106018066406
sparse75,29200,139198464,239206400,1.352853536605835,1.1866658926010132,3.36320302048275e-05,26273.277363569436,3.207187178170097,0.0007174000002123648,1871494656,2160066560,2489954304,4.041433334350586
sparse75,29250,139608064,239616000,1.386228084564209,1.2134860754013062,3.3362814169164585e-05,26488.550136684553,3.233465592857001,0.0006726999999955297,1871494656,2160066560,2490589184,4.025459289550781
sparse75,29300,140017664,240025600,1.5522311925888062,1.2442463636398315,3.3103837844257594e-05,26674.3338010285,3.256144262820862,0.0007118000012269476,1871494656,2160066560,2491088896,4.089531898498535
sparse75,29350,140427264,240435200,2.179178476333618,1.5307193994522095,3.2855121375194315e-05,26600.779514413585,3.2471654680680646,0.0006949999988137279,1871494656,2160066560,2491645952,4.050236225128174
sparse75,29400,140836864,240844800,1.8893481492996216,1.2612136602401733,3.2616684108975226e-05,26687.84666997582,3.257793782956033,0.0006720999990648124,1871494656,2160066560,2492329984,4.062497138977051
sparse75,29450,141246464,241254400,1.156254529953003,1.153701663017273,3.238854459300874e-05,26729.45303814061,3.262872685319899,0.0006948999998712679,1871494656,2160066560,2492821504,4.083081245422363
sparse75,29500,141656064,241664000,1.6491928100585938,1.4226174354553223,3.217072057366823e-05,26212.11849722702,3.1997214962435327,0.0007165000006352784,1871494656,2160066560,2493472768,4.0499067306518555
sparse75,29550,142065664,242073600,1.257673978805542,1.2201673984527588,3.196322899491177e-05,26053.104189856014,3.180310570050783,0.000732300000890973,1871494656,2160066560,2494021632,4.054406642913818
sparse75,29600,142475264,242483200,1.906554102897644,1.5210316181182861,3.176608599696396e-05,26555.698080594277,3.2416623633537935,0.0006828000005043577,1871494656,2160066560,2494459904,4.047754764556885
sparse75,29650,142884864,242892800,1.056412935256958,1.0445929765701294,3.157930691506059e-05,26691.681429241067,3.2582618932179037,0.00068950000058976,1871494656,2160066560,2495340544,4.038153648376465
sparse75,29700,143294464,243302400,1.4271637201309204,1.1923139095306396,3.1402906278255555e-05,26374.18111904525,3.2195045311334534,0.000701400000252761,1871494656,2160066560,2496000000,4.099881649017334
sparse75,29750,143704064,243712000,1.368224024772644,1.289798378944397,3.1236897808290864e-05,26203.792704782783,3.1987051641580546,0.0006761000004189555,1871494656,2160066560,2496446464,4.086945533752441
sparse75,29800,144113664,244121600,1.246514081954956,1.1393630504608154,3.108129441852914e-05,26258.724727366403,3.205410733321094,0.0007058999999571824,1871494656,2160066560,2497118208,4.060244560241699
sparse75,29850,144523264,244531200,1.4222004413604736,1.8015061616897583,3.093610821294914e-05,26660.504896357652,3.2544561641061587,0.0006862999998702435,1871494656,2160066560,2497667072,4.072591304779053
sparse75,29900,144932864,244940800,1.482008695602417,1.3938031196594238,3.0801350485204266e-05,26250.512304860687,3.2044082403394394,0.0006979999998293351,1871494656,2160066560,2498232320,4.062708854675293
sparse75,29950,145342464,245350400,1.5016087293624878,1.4566841125488281,3.0677031717744036e-05,26548.090381411992,3.240733689137206,0.0007173000012699049,1871494656,2160066560,2498752512,4.02480411529541
sparse75,30000,145752064,245760000,1.3990604877471924,1.4672141075134277,3.056316158099867e-05,25898.201605152713,3.1614015631289933,0.0007554000003437977,1871494656,2160066560,2499284992,4.034158706665039
sparse75,30050,146161664,246169600,1.2238301038742065,0.9706488251686096,3.0459748932626874e-05,26323.712903198997,3.213343860253784,0.0007286000000021886,1871494656,2160066560,3398111232,4.078981399536133
sparse75,30100,146571264,246579200,1.6819945573806763,1.4954588413238525,3.0366801816826805e-05,26715.593074999048,3.2611807952879697,0.0006905999998707557,1871494656,2160066560,3398746112,4.0450568199157715
sparse75,30150,146980864,246988800,1.204494833946228,1.2666985988616943,3.0284327463710326e-05,26636.65707345878,3.2515450529124488,0.000679300001138472,1871494656,2160066560,2501386240,4.050105094909668
sparse75,30200,147390464,247398400,1.0933046340942383,1.0922908782958984,3.0212332288740646e-05,26299.264570900697,3.2103594446900265,0.0007074000004649861,1871494656,2160066560,2502017024,4.037131309509277
sparse75,30250,147800064,247808000,1.700073003768921,1.2533140182495117,3.0150821892233238e-05,26808.668834404467,3.272542582324764,0.0006822999985161005,1871494656,2160066560,2502242304,4.045906066894531
sparse75,30300,148209664,248217600,1.5691503286361694,1.3596372604370117,3.009980105892018e-05,26199.677876994967,3.198202865844112,0.0007401999991998309,1871494656,2160066560,2503061504,4.085721015930176
sparse75,30350,148619264,248627200,1.3269553184509277,1.2302687168121338,3.0059273757578043e-05,26277.179334592627,3.207663492992264,0.0007088000002113404,1871494656,2160066560,2503446528,4.06086540222168
sparse75,30400,149028864,249036800,1.6289277076721191,1.182416558265686,3.0029243140719076e-05,26749.31787946811,3.2652975927085097,0.0007043000005069189,1871494656,2160066560,2504060928,4.056440830230713
sparse75,30450,149438464,249446400,1.1649481058120728,1.2357393503189087,3.000971154434607e-05,26199.88735830055,3.198228437292548,0.0007029999997030245,1871494656,2160066560,2504646656,4.028407573699951
sparse75,30500,149848064,249856000,1.647016167640686,1.4889857769012451,3.000068048777054e-05,26746.85499165925,3.2649969472240294,0.0006967000008444302,1871494656,2160066560,2505007104,4.082597732543945
sparse75_ngram10m,12250,344064,100352000,2.8675625324249268,1.3159867525100708,2.5799999999999997e-05,17432.253712543057,2.127960658269416,0.0007098999994923361,2006018048,2260729856,2212167680,4.187245845794678
sparse75_ngram10m,12300,753664,100761600,2.5078768730163574,1.235185980796814,5.5799999999999994e-05,22571.429122525606,2.7553014065583015,0.0007387999994534766,2006018048,2262827008,2215161856,4.107172966003418
sparse75_ngram10m,12350,1163264,101171200,2.4353439807891846,1.1292117834091187,8.579999999999998e-05,22255.964785943288,2.7167925764090928,0.0007144999999582069,2006018048,2262827008,2217680896,4.173512935638428
sparse75_ngram10m,12400,1572864,101580800,2.365710973739624,1.1475106477737427,0.0001158,22486.560080612664,2.744941416090413,0.0007236999990709592,2006018048,2262827008,2220474368,4.0651068687438965
sparse75_ngram10m,12450,1982464,101990400,2.176697254180908,1.1488651037216187,0.0001458,22793.240379679195,2.782377976035058,0.0007185000013123499,2006018048,2262827008,2223030272,4.129446506500244
sparse75_ngram10m,12500,2392064,102400000,2.4543049335479736,1.1282081604003906,0.00017579999999999996,22638.1640979551,2.76344776586366,0.0007285000010597287,2006018048,2264924160,2225352704,4.04612398147583
sparse75_ngram10m,12550,2801664,102809600,1.7275376319885254,20.818832397460938,0.0002058,22011.41089599076,2.686939806639497,0.0007236000001284992,2006018048,2264924160,2227294208,4.103525161743164
sparse75_ngram10m,12600,3211264,103219200,2.168869972229004,1.250631332397461,0.00023579999999999999,22736.980705432477,2.775510340018613,0.00076459999945655,2006018048,2264924160,2229837824,4.0725789070129395
sparse75_ngram10m,12650,3620864,103628800,2.1570816040039062,1.2349259853363037,0.00026579999999999996,22577.15837588752,2.756000778306582,0.0007249999998748535,2006018048,2264924160,2232184832,4.051061630249023
sparse75_ngram10m,12700,4030464,104038400,1.999951720237732,1.1466649770736694,0.0002958,22673.308130316993,2.767737808876586,0.000690799999574665,2006018048,2264924160,2234466304,4.099092483520508
sparse75_ngram10m,12750,4440064,104448000,2.532578468322754,1.2632341384887695,0.00029999629513597145,22448.442159736638,2.7402883495772263,0.0007519999999203719,2006018048,2264924160,2236928000,4.0620880126953125
sparse75_ngram10m,12800,4849664,104857600,2.0202460289001465,1.3261022567749023,0.0002999822236823295,22565.78358380075,2.7546122538819273,0.0007017999996605795,2006018048,2264924160,2239590400,4.167213439941406
sparse75_ngram10m,12850,5259264,105267200,2.2054989337921143,1.5871179103851318,0.00029995765231622757,22688.54870837082,2.7695982310022975,0.0007095000000845175,2006018048,2264924160,2241921024,4.160820007324219
sparse75_ngram10m,12900,5668864,105676800,2.546212911605835,3.0340652465820312,0.0002999225829490077,22560.762174809857,2.753999288917219,0.0007362000014836667,2006018048,2264924160,2244247552,4.06389045715332
sparse75_ngram10m,12950,6078464,106086400,2.1708295345306396,1.112284541130066,0.00029987701830862376,22578.265993624365,2.7561359855498493,0.0006874000009702286,2006018048,2264924160,2246377472,4.079099178314209
sparse75_ngram10m,13000,6488064,106496000,1.71002197265625,1.1298099756240845,0.0002998209619394294,22283.849785354083,2.720196507001231,0.0007096999997884268,2006018048,2264924160,2248740864,4.042514801025391
sparse75_ngram10m,13050,6897664,106905600,2.024303913116455,1.3367533683776855,0.00029975441820190226,18823.114196000228,2.297743432128934,0.0007092999985616188,2006018048,2264924160,2252439552,4.10993766784668
sparse75_ngram10m,13100,7307264,107315200,1.9925569295883179,1.128172755241394,0.0002996773922723048,22382.960097243347,2.732294933745526,0.000698599998941063,2006018048,2264924160,2254974976,4.090546131134033
sparse75_ngram10m,13150,7716864,107724800,2.129523515701294,1.2264735698699951,0.0002995898901422817,22292.915631463762,2.7213031776689163,0.0007389999991573859,2006018048,2264924160,2257375232,4.10753059387207
sparse75_ngram10m,13200,8126464,108134400,2.1922292709350586,1.061017632484436,0.0002994919186183937,22584.19795361843,2.7568601017600622,0.0007143000002542976,2006018048,2264924160,2258948096,4.084053039550781
sparse75_ngram10m,13250,8536064,108544000,1.4325556755065918,1.211543321609497,0.0002993834853215881,22706.937479421915,2.7718429540309955,0.0006828999994468177,2006018048,2264924160,2261270528,4.144952774047852
sparse75_ngram10m,13300,8945664,108953600,1.8135098218917847,1.2259286642074585,0.0002992645986866063,22471.484777583064,2.7431011691385576,0.0007322999990719836,2006018048,2264924160,2263683072,4.10699462890625
sparse75_ngram10m,13350,9355264,109363200,1.908979058265686,1.1309943199157715,0.00029913526796132697,22233.675604876833,2.7140717291109415,0.0007248999991134042,2006018048,2264924160,2265726976,4.055123329162598
sparse75_ngram10m,13400,9764864,109772800,2.617854356765747,1.2660404443740845,0.0002989955032060475,22208.071083106843,2.7109461771370658,0.0007237000008899486,2006018048,2264924160,2268348416,4.0377655029296875
sparse75_ngram10m,13450,10174464,110182400,1.9881649017333984,1.2889893054962158,0.0002988453152927009,22335.16433331675,2.7264604899068297,0.000742900001569069,2006018048,2264924160,2270781440,4.112397193908691
sparse75_ngram10m,13500,10584064,110592000,1.9051010608673096,1.1509922742843628,0.00029868471590401035,22611.26428487574,2.7601640972748704,0.0007009000000834931,2006018048,2264924160,2272743424,4.091043472290039
sparse75_ngram10m,13550,10993664,111001600,1.9448319673538208,1.0680618286132812,0.0002985137175325801,22702.43186491128,2.7712929522596776,0.0007210000003396999,2006018048,2264924160,2275110912,4.032713413238525
sparse75_ngram10m,13600,11403264,111411200,2.007532835006714,1.1025570631027222,0.0002983323334799242,22544.35254618689,2.751996160423204,0.000711199998477241,2006018048,2264924160,2277285888,4.059080123901367
sparse75_ngram10m,13650,11812864,111820800,1.4640482664108276,1.0512125492095947,0.0002981405778554314,22766.995971024975,2.7791743128692596,0.0007029000007605646,2006018048,2264924160,2279288832,4.069918155670166
sparse75_ngram10m,13700,12222464,112230400,2.323617458343506,1.1406179666519165,0.00029793846557526777,22509.68724394836,2.74776455614604,0.0007901999997557141,2006018048,2264924160,2281480192,4.062437534332275
sparse75_ngram10m,13750,12632064,112640000,2.0090653896331787,1.0186232328414917,0.0002977260123612166,22360.977473814804,2.7296115080340337,0.0007545000007667113,2006018048,2264924160,2283483136,4.056446075439453
sparse75_ngram10m,13800,13041664,113049600,2.0039610862731934,1.1198910474777222,0.000297503234739455,22732.008982880565,2.7749034402930377,0.000703800000337651,2006018048,2264924160,2285744128,4.1322407722473145
sparse75_ngram10m,13850,13451264,113459200,1.8064310550689697,1.7917219400405884,0.0002972701500392687,22608.37503409592,2.759811405529287,0.0007372000000032131,2006018048,2264924160,2287923200,4.102782249450684
sparse75_ngram10m,13900,13860864,113868800,1.9719570875167847,1.1219942569732666,0.00029702677639170406,22614.63497047142,2.7605755579188744,0.000703800000337651,2006018048,2264924160,2289954816,4.0376129150390625
sparse75_ngram10m,13950,14270464,114278400,1.8265619277954102,1.0619632005691528,0.00029677313272815763,22530.370758334095,2.750289399210705,0.000706200000422541,2006018048,2264924160,2292097024,4.084148406982422
sparse75_ngram10m,14000,14680064,114688000,1.851914882659912,1.086500883102417,0.00029650923877890326,22625.47791208984,2.761899159190654,0.0007024999995337566,2006018048,2264924160,2294358016,4.020503520965576
sparse75_ngram10m,14050,15089664,115097600,1.9787546396255493,1.054888129234314,0.0002962351150715579,18351.164039916835,2.2401323290914106,0.0007094000011420576,2006018048,2264924160,2296631296,4.023233890533447
sparse75_ngram10m,14100,15499264,115507200,1.5382055044174194,0.9358745813369751,0.0002959507829294844,17884.803266057857,2.1832035236887033,0.0007317999989027157,2006018048,2264924160,2298761216,4.03406286239624
sparse75_ngram10m,14150,15908864,115916800,1.7155239582061768,1.0639549493789673,0.00029565626447013285,22652.298826653863,2.7651731966130204,0.0006914000005053822,2006018048,2264924160,2300678144,4.058870315551758
sparse75_ngram10m,14200,16318464,116326400,1.702201247215271,1.017327070236206,0.0002953515826033202,22597.48613991695,2.7584821948140807,0.0007253000003402121,2006018048,2264924160,2302894080,4.008170127868652
sparse75_ngram10m,14250,16728064,116736000,1.6412047147750854,1.0681315660476685,0.0002950367610294482,22311.476601948027,2.7235689211362337,0.0007628000003023772,2006018048,2264924160,2304966656,4.095129489898682
sparse75_ngram10m,14300,17137664,117145600,1.8659738302230835,1.2262821197509766,0.00029471182423765986,22698.808534126103,2.7708506511384403,0.0007051000011415454,2006018048,2264924160,2306818048,4.079990863800049
sparse75_ngram10m,14350,17547264,117555200,2.6681981086730957,1.1788419485092163,0.0002943767975039342,22208.227617009015,2.710965285279421,0.0007329000000027008,2006018048,2264924160,2308960256,4.13640022277832
sparse75_ngram10m,14400,17956864,117964800,1.545611023902893,0.9929707646369934,0.0002940317068891205,22763.02941682076,2.7786901143580027,0.0007031999994069338,2006018048,2264924160,2311073792,4.053793430328369
sparse75_ngram10m,14450,18366464,118374400,1.7341209650039673,1.1395437717437744,0.00029367657923691075,22695.42528711046,2.7704376571179763,0.000727000000551925,2006018048,2264924160,2312863744,4.050763130187988
sparse75_ngram10m,14500,18776064,118784000,2.0913596153259277,1.1676316261291504,0.00029331144217175183,22640.516575274418,2.763734933505178,0.0007096999997884268,2006018048,2264924160,2314964992,4.039512634277344
sparse75_ngram10m,14550,19185664,119193600,1.7047468423843384,1.1245917081832886,0.00029293632409669646,22427.36839802521,2.7377158688995618,0.0007337999995797873,2006018048,2264924160,2317066240,4.111473083496094
sparse75_ngram10m,14600,19595264,119603200,2.7194528579711914,1.4724770784378052,0.0002925512541911939,22282.582973508725,2.7200418668833892,0.0007282000005943701,2006018048,2264924160,2318880768,4.110814094543457
sparse75_ngram10m,14650,20004864,120012800,1.4325467348098755,1.0266225337982178,0.00029215626240882027,22291.24744728164,2.721099541904497,0.0007125000011001248,2006018048,2264924160,2320912384,4.049813270568848
sparse75_ngram10m,14700,20414464,120422400,2.0727546215057373,8.879077911376953,0.0002917513794749482,22349.087730595165,2.7281601233636676,0.0006862000009277835,2006018048,2264924160,2323144704,4.042972564697266
sparse75_ngram10m,14750,20824064,120832000,2.448535203933716,1.3599634170532227,0.0002913366368843572,22699.141882701784,2.770891343103245,0.0007045999991532881,2006018048,2264924160,2324844544,4.110856056213379
sparse75_ngram10m,14800,21233664,121241600,1.818237066268921,1.0882229804992676,0.00029091206689878344,22690.735687239263,2.769865196196199,0.0006961999988561729,2006018048,2264924160,2326777856,4.034295082092285
sparse75_ngram10m,14850,21643264,121651200,1.5637459754943848,1.420417070388794,0.00029047770254441043,22065.125519621542,2.6934967675319266,0.0007249999998748535,2006018048,2264924160,2328948736,4.093918800354004
sparse75_ngram10m,14900,22052864,122060800,1.5878512859344482,1.0514757633209229,0.0002900335776092998,22315.834435694553,2.724100883263495,0.000712399998519686,2006018048,2264924160,2330619904,4.042524337768555
sparse75_ngram10m,14950,22462464,122470400,1.259891152381897,1.0584124326705933,0.0002895797266407631,22763.605019285118,2.778760378330703,0.0006935000001249136,2006018048,2264924160,2332647424,4.106996059417725
sparse75_ngram10m,15000,22872064,122880000,1.6135705709457397,1.0228582620620728,0.0002891161849426746,18911.420586568314,2.3085230208213274,0.0007016999988991302,2006018048,2264924160,2334593024,4.051084518432617
sparse75_ngram10m,15050,23281664,123289600,2.4165103435516357,1.188047170639038,0.0002886429885727247,18815.500830618956,2.2968140662376655,0.000698499999998603,2006018048,2264924160,2336808960,4.031471252441406
sparse75_ngram10m,15100,23691264,123699200,2.038207530975342,1.1869654655456543,0.00028816017433961564,22623.422201327445,2.761648217935479,0.000702600000295206,2006018048,2264924160,2338496512,4.063650131225586
sparse75_ngram10m,15150,24100864,124108800,1.6335985660552979,1.0107282400131226,0.0002876677798001977,22648.15298121288,2.764667111964463,0.0006962999996176222,2006018048,2264924160,2340515840,4.0584259033203125
sparse75_ngram10m,15200,24510464,124518400,2.3539316654205322,1.885741949081421,0.0002871658432565482,22546.642127384443,2.7522756503154837,0.0006995999992795987,2006018048,2264924160,2342367232,4.0738911628723145
sparse75_ngram10m,15250,24920064,124928000,1.7548043727874756,0.9781234264373779,0.00028665440375299193,22651.0524084816,2.7650210459572264,0.0007055000005493639,2006018048,2264924160,2343919616,4.045200347900391
sparse75_ngram10m,15300,25329664,125337600,1.9863300323486328,1.3269968032836914,0.0002861335010730637,21523.706029024328,2.627405521121134,0.0007103999996616039,2006018048,2264924160,2345996288,4.073890686035156
sparse75_ngram10m,15350,25739264,125747200,1.5492303371429443,1.0624475479125977,0.00028560317573641413,22121.07399537697,2.7003264154512903,0.0007098999994923361,2006018048,2264924160,2347999232,4.017263889312744
sparse75_ngram10m,15400,26148864,126156800,1.8473080396652222,0.959936261177063,0.00028506346899565753,22237.646935557445,2.7145565106881646,0.0007198000002972549,2006018048,2264924160,2349748224,4.039948463439941
sparse75_ngram10m,15450,26558464,126566400,2.0958237648010254,1.1301171779632568,0.00028451442283316305,22076.976747768684,2.694943450655357,0.0007593999998789513,2006018048,2264924160,2351575040,4.047609329223633
sparse75_ngram10m,15500,26968064,126976000,1.6413754224777222,1.094501256942749,0.0002839560799577887,22338.934428367626,2.726920706587845,0.0006973999988986179,2006018048,2264924160,2353430528,4.0688252449035645
sparse75_ngram10m,15550,27377664,127385600,1.2955414056777954,1.3384625911712646,0.0002833884838015596,22281.316305799075,2.7198872443602387,0.0007144999999582069,2006018048,2264924160,2355179520,4.036538600921631
sparse75_ngram10m,15600,27787264,127795200,1.6206741333007812,1.060423493385315,0.00028281167851628905,22348.014676780636,2.7280291353491988,0.0007703999999648659,2006018048,2264924160,2357096448,4.055218696594238
sparse75_ngram10m,15650,28196864,128204800,1.1257824897766113,0.9870668053627014,0.0002822257089701445,22757.742827449827,2.778044778741434,0.0006879000011394965,2006018048,2264924160,2358939648,4.068300724029541
sparse75_ngram10m,15700,28606464,128614400,2.1615867614746094,1.179738163948059,0.00028163062074415703,22685.94122416677,2.7692799345906702,0.0006993999995756894,2006018048,2264924160,2360582144,4.056500434875488
sparse75_ngram10m,15750,29016064,129024000,1.6142237186431885,1.0135756731033325,0.00028102646012867586,22692.533347595898,2.7700846371577024,0.0007055000005493639,2006018048,2264924160,2362458112,4.038569927215576
sparse75_ngram10m,15800,29425664,129433600,1.6148102283477783,1.026777982711792,0.0002804132741197676,22441.14267929093,2.739397299718131,0.0007157000000006519,2006018048,2264924160,2364170240,4.084732532501221
sparse75_ngram10m,15850,29835264,129843200,2.0532000064849854,1.2404824495315552,0.0002797911104155606,22362.595065634563,2.729808967972969,0.0007069000002957182,2006018048,2264924160,2365878272,4.099224090576172
sparse75_ngram10m,15900,30244864,130252800,1.7680131196975708,1.1790186166763306,0.0002791600174125343,22671.017849026382,2.7674582335237283,0.0007148000004235655,2006018048,2264924160,2367795200,4.072055816650391
sparse75_ngram10m,15950,30654464,130662400,1.6871991157531738,1.1807646751403809,0.000278520044201755,22364.634174990617,2.7300578826892843,0.0007664999993721722,2006018048,2264924160,2369757184,4.061944961547852
sparse75_ngram10m,16000,31064064,131072000,1.3867149353027344,1.002328872680664,0.000277871240565057,22249.64800359816,2.7160214848142283,0.0007189999996626284,2006018048,2264924160,2371383296,4.067510604858398
sparse75_ngram10m,16050,31473664,131481600,1.0443896055221558,0.9276233911514282,0.0002772136569711702,22350.97801891411,2.7283908714494762,0.0007192000011855271,2006018048,2264924160,2373464064,4.067553520202637
sparse75_ngram10m,16100,31883264,131891200,1.8134591579437256,1.0964186191558838,0.0002765473445717942,22593.005159295597,2.757935200109326,0.000698499999998603,2006018048,2264924160,2375168000,4.069189071655273
sparse75_ngram10m,16150,32292864,132300800,1.5433433055877686,1.0687711238861084,0.00027587235519761967,22410.3735517852,2.7356413027081543,0.0007017000007181196,2006018048,2264924160,2376998912,4.049346923828125
sparse75_ngram10m,16200,32702464,132710400,1.5776658058166504,1.094040036201477,0.0002751887413542962,22806.11544644967,2.783949639459188,0.0007052999990264652,2006018048,2264924160,2378309632,4.0726399421691895
sparse75_ngram10m,16250,33112064,133120000,1.9887206554412842,1.0824863910675049,0.0002744965562183482,22710.135284948865,2.7722333111509845,0.000690799999574665,2006018048,2264924160,2380349440,4.049337863922119
sparse75_ngram10m,16300,33521664,133529600,1.8011265993118286,1.177329421043396,0.0002737958536330383,22431.949755884572,2.7382751166851285,0.0007060000007186318,2006018048,2264924160,2382303232,4.095088481903076
sparse75_ngram10m,16350,33931264,133939200,1.8557648658752441,1.3489960432052612,0.0002730866881041793,22590.126801958697,2.7575838381297237,0.0006888999996590428,2006018048,2264924160,2383618048,4.1312785148620605
sparse75_ngram10m,16400,34340864,134348800,1.3367350101470947,0.9496223330497742,0.0002723691147958941,22767.913473109475,2.779286312635434,0.0007095000000845175,2006018048,2264924160,2385453056,4.081167697906494
sparse75_ngram10m,16450,34750464,134758400,1.7607864141464233,0.9939709901809692,0.0002716431895263246,22403.938192276764,2.7348557363619097,0.0007447999996657018,2006018048,2264924160,2387214336,4.063687324523926
sparse75_ngram10m,16500,35160064,135168000,1.7465012073516846,1.0616459846496582,0.0002709089687632899,22659.165981164584,2.76601147231013,0.0007041999997454695,2006018048,2264924160,2388668416,4.086208343505859
sparse75_ngram10m,16550,35569664,135577600,1.835057258605957,1.2268271446228027,0.0002701665096198936,22633.554410246452,2.7628850598445376,0.0007265000003826572,2006018048,2264924160,2390552576,4.108952522277832
sparse75_ngram10m,16600,35979264,135987200,2.1189141273498535,1.0742852687835693,0.00026941586985008146,22608.038106851567,2.759770276715279,0.0006976000004215166,2006018048,2264924160,2392334336,4.0877885818481445
sparse75_ngram10m,16650,36388864,136396800,1.9555081129074097,1.029288649559021,0.00026865710784414854,22438.358198055237,2.7390573972235397,0.0007554999992862577,2006018048,2264924160,2393796608,4.045101165771484
sparse75_ngram10m,16700,36798464,136806400,2.040959596633911,1.2566890716552734,0.0002678902826241973,22209.91952698369,2.711171817258751,0.0007319000014831545,2006018048,2264924160,2395631616,4.0782389640808105
sparse75_ngram10m,16750,37208064,137216000,1.9120546579360962,1.230057954788208,0.00026711545383954646,22202.274865922787,2.7102386310940902,0.0006979000008868752,2006018048,2264924160,2397306880,4.11643648147583
sparse75_ngram10m,16800,37617664,137625600,1.5576932430267334,1.2267346382141113,0.000266332681762091,22311.47660205856,2.7235689211497265,0.0007482000000891276,2006018048,2264924160,2398875648,4.0636701583862305
sparse75_ngram10m,16850,38027264,138035200,1.7283369302749634,1.1931164264678955,0.0002655420272816138,22317.196227853616,2.724267117657912,0.000712799999746494,2006018048,2264924160,2400587776,4.1507887840271
sparse75_ngram10m,16900,38436864,138444800,1.5767929553985596,1.0991100072860718,0.0002647435519010491,22460.71499764107,2.741786498735482,0.0007074000004649861,2006018048,2264924160,2402242560,4.060029029846191
sparse75_ngram10m,16950,38846464,138854400,1.5560981035232544,0.9456122517585754,0.00026393731773169843,22612.593713090748,2.760326380992523,0.0007067000005918089,2006018048,2264924160,2403700736,4.0450639724731445
sparse75_ngram10m,17000,39256064,139264000,1.595240592956543,1.031691551208496,0.0002631233874883992,22633.448103086666,2.7628720828963216,0.0006974999996600673,2006018048,2264924160,2405367808,4.079469680786133
sparse75_ngram10m,17050,39665664,139673600,1.5129979848861694,1.023876667022705,0.000262301824484646,18928.41859904245,2.310597973515924,0.000706200000422541,2006018048,2264924160,3432488960,4.018959999084473
sparse75_ngram10m,17100,40075264,140083200,1.8650462627410889,1.0938522815704346,0.000261472692627666,22601.738170748784,2.7590012415464824,0.0007361999996646773,2006018048,2264924160,3434102784,4.068711280822754
sparse75_ngram10m,17150,40484864,140492800,1.5891867876052856,1.2114722728729248,0.00026063605641344744,22695.110910168914,2.770399281026479,0.0007247000012284843,2006018048,2264924160,2376953856,4.025470733642578
sparse75_ngram10m,17200,40894464,140902400,1.3948055505752563,1.0297670364379883,0.0002597919809217228,22688.680669373894,2.7696143395231805,0.0007007999993220437,2006018048,2264924160,2378235904,4.051000595092773
sparse75_ngram10m,17250,41304064,141312000,2.049805164337158,1.1377557516098022,0.00025894053181090644,22608.131696758053,2.759781701264411,0.0007014999991952209,2006018048,2264924160,2379923456,4.057831764221191
sparse75_ngram10m,17300,41713664,141721600,1.6308876276016235,1.0563732385635376,0.00025808177531298716,22027.610340384555,2.688917277878974,0.0006881999997858657,2006018048,2264924160,2381516800,4.033066749572754
sparse75_ngram10m,17350,42123264,142131200,1.757781744003296,1.3974854946136475,0.00025721577822837626,22616.988804125107,2.760862891128553,0.0006843000010121614,2006018048,2264924160,2382958592,4.187832355499268
sparse75_ngram10m,17400,42532864,142540800,1.579288363456726,1.087672233581543,0.00025634260792071106,22234.9972124048,2.714233058154883,0.0007127000008040341,2006018048,2264924160,2384441344,4.043243408203125
sparse75_ngram10m,17450,42942464,142950400,1.7802289724349976,1.0354950428009033,0.0002554623323116153,22651.027356291746,2.7650179878285823,0.0006948999998712679,2006018048,2264924160,2385821696,4.048029899597168
sparse75_ngram10m,17500,43352064,143360000,1.9132695198059082,1.19597327709198,0.0002545750198754154,22645.679974390052,2.7643652312487856,0.0007337999995797873,2006018048,2264924160,2387378176,4.0466742515563965
sparse75_ngram10m,17550,43761664,143769600,2.050084352493286,1.5106043815612793,0.00025368073963381383,22243.48579749702,2.7152692623897727,0.0007005999996181345,2006018048,2264924160,2389131264,4.070095539093018
sparse75_ngram10m,17600,44171264,144179200,1.980400562286377,1.147033452987671,0.00025277956115052054,22568.332431079696,2.754923392465783,0.0007316000010177959,2006018048,2264924160,2390441984,4.062126636505127
sparse75_ngram10m,17650,44580864,144588800,1.5547428131103516,1.273361325263977,0.0002518715545258416,22420.94168513135,2.7369313580482606,0.000706299999365001,2006018048,2264924160,2392023040,4.049991607666016
sparse75_ngram10m,17700,44990464,144998400,1.657995581626892,1.1040819883346558,0.00025095679039122625,22702.356367166813,2.7712837362264175,0.0007027999999991152,2006018048,2264924160,2393579520,4.040339469909668
sparse75_ngram10m,17750,45400064,145408000,2.1701550483703613,1.3131091594696045,0.00025003533990377246,22571.988856182637,2.755369733420732,0.0006935999990673736,2006018048,2264924160,2394787840,4.0353684425354
sparse75_ngram10m,17800,45809664,145817600,1.5518478155136108,0.997403621673584,0.0002491072747406922,22334.098705128585,2.7263304083408917,0.0007162000001699198,2006018048,2264924160,2396508160,4.0463409423828125
sparse75_ngram10m,17850,46219264,146227200,2.8690435886383057,1.606478214263916,0.00024817266709373573,22647.83365119676,2.7646281312496046,0.00068710000050487,2006018048,2264924160,2398003200,4.098949432373047
sparse75_ngram10m,17900,46628864,146636800,1.833465576171875,1.1166343688964844,0.0002472315896635758,22633.32929029028,2.7628575793811376,0.0006873999991512392,2006018048,2264924160,2399232000,4.1115570068359375
sparse75_ngram10m,17950,47038464,147046400,1.6226801872253418,1.2313640117645264,0.00024628411565415264,22776.465616372454,2.7803302754360906,0.0006795999997848412,2006018048,2264924160,2400919552,4.290524959564209
sparse75_ngram10m,18000,47448064,147456000,1.9858981370925903,1.1161524057388306,0.0002453303187669795,22690.35859193293,2.769819164054313,0.0007458999989466975,2006018048,2264924160,2402406400,4.037700653076172
sparse75_ngram10m,18050,47857664,147865600,1.5775961875915527,1.2928686141967773,0.0002443702731954098,22811.2911435581,2.7845814384226197,0.0007077999998728046,2006018048,2264924160,2403860480,4.039588928222656
sparse75_ngram10m,18100,48267264,148275200,1.8511384725570679,1.1238089799880981,0.00024340405361886568,22627.55899683942,2.7621531978563745,0.0006886999999551335,2006018048,2264924160,2405421056,4.067377090454102
sparse75_ngram10m,18150,48676864,148684800,1.9006065130233765,1.078098177909851,0.00024243173519702886,22133.75086284965,2.7018738846252015,0.0007256999997480307,2006018048,2264924160,2406617088,4.090573787689209
sparse75_ngram10m,18200,49086464,149094400,1.9683412313461304,1.1892668008804321,0.0002414533935639942,22627.452745991555,2.7621402277821723,0.0006896999984746799,2006018048,2264924160,2408144896,4.0622358322143555
sparse75_ngram10m,18250,49496064,149504000,1.8483370542526245,2.4680163860321045,0.00024046910482238633,22745.730663530685,2.776578450138023,0.0007044000012683682,2006018048,2264924160,2409594880,4.09742546081543
sparse75_ngram10m,18300,49905664,149913600,1.7727893590927124,1.175025224685669,0.00023947894553743988,22669.085587895253,2.76722236180362,0.0006830999991507269,2006018048,2264924160,2410909696,4.086716175079346
sparse75_ngram10m,18350,50315264,150323200,1.8095873594284058,1.14678156375885,0.00023848299273104354,22777.567543749014,2.7804647880552995,0.0006912999997439329,2006018048,2264924160,2412216320,4.055578708648682
sparse75_ngram10m,18400,50724864,150732800,1.8707826137542725,1.2427006959915161,0.00023748132387574886,22776.326299787263,2.780313269017,0.0006877999985590577,2006018048,2264924160,2413871104,4.049407482147217
sparse75_ngram10m,18450,51134464,151142400,1.2893255949020386,1.093196153640747,0.00023647401688874388,22798.35947547919,2.7830028656590806,0.0006797999994887505,2006018048,2264924160,2415140864,4.096974849700928
sparse75_ngram10m,18500,51544064,151552000,2.0801620483398438,1.4283335208892822,0.00023546115012579186,22675.22228203027,2.7679714699743982,0.0006918999988556607,2006018048,2264924160,2416508928,4.041240692138672
sparse75_ngram10m,18550,51953664,151961600,1.2845627069473267,1.0060429573059082,0.00023444280237513673,22706.01859165084,2.771730785113628,0.0007053999997879146,2006018048,2264924160,2417926144,4.085816383361816
sparse75_ngram10m,18600,52363264,152371200,0.999652624130249,0.763879656791687,0.00023341905285137379,22241.118484971485,2.7149802838099957,0.0007201000007626135,2006018048,2264924160,2419060736,4.073980808258057
sparse75_ngram10m,18650,52772864,152780800,1.6674336194992065,1.0553092956542969,0.00023238998118928824,22319.342603773508,2.724529126437196,0.0006914999994478421,2006018048,2264924160,2420518912,4.036709785461426
sparse75_ngram10m,18700,53182464,153190400,1.9121822118759155,1.4509450197219849,0.00023135566743766035,22314.235757852504,2.7239057321597295,0.0006876999996165978,2006018048,2264924160,2421964800,4.046674728393555
sparse75_ngram10m,18750,53592064,153600000,1.5907071828842163,1.1210795640945435,0.0002303161920530388,22284.75300700356,2.7203067635502394,0.0007134999996196711,2006018048,2264924160,2423156736,4.0890679359436035
sparse75_ngram10m,18800,54001664,154009600,1.5435055494308472,1.2140055894851685,0.00022927163589348204,22746.501184367848,2.7766725078574033,0.0006969000005483394,2006018048,2264924160,2424532992,4.100473403930664
sparse75_ngram10m,18850,54411264,154419200,1.419990062713623,0.9987674355506897,0.00022822208021226883,22271.29107692543,2.718663461538749,0.0007135000014386605,2006018048,2264924160,2425761792,4.122599124908447
sparse75_ngram10m,18900,54820864,154828800,2.166834592819214,1.4261175394058228,0.00022716760665157746,22236.5664483145,2.7144246152727662,0.0006900999997014878,2006018048,2264924160,2427084800,4.061800003051758
sparse75_ngram10m,18950,55230464,155238400,2.185441732406616,1.1667553186416626,0.00022610829723613508,22351.319524525636,2.7284325591461958,0.0006976999993639765,2006018048,2264924160,2428489728,4.032619953155518
sparse75_ngram10m,19000,55640064,155648000,1.9741755723953247,1.283063530921936,0.00022504423436683747,22478.61896978377,2.7439720422099327,0.000698499999998603,2006018048,2264924160,2429366272,4.071910858154297
sparse75_ngram10m,19050,56049664,156057600,1.8462437391281128,1.0845962762832642,0.00022397550081433885,18695.363928566323,2.2821489170613187,0.0006976000004215166,2006018048,2264924160,2430894080,4.067996978759766
sparse75_ngram10m,19100,56459264,156467200,0.9449486136436462,1.0526480674743652,0.0002229021797126139,22280.76483515932,2.719819926166909,0.0007150000001274748,2006018048,2264924160,2432131072,4.171462535858154
sparse75_ngram10m,19150,56868864,156876800,1.2814586162567139,1.1955549716949463,0.00022182435455249044,22749.16683125712,2.7769979042061914,0.0007132999999157619,2006018048,2264924160,2433392640,4.081380367279053
sparse75_ngram10m,19200,57278464,157286400,1.7518584728240967,1.0812581777572632,0.00022074210917515523,22358.13352165289,2.7292643459048938,0.0007286000000021886,2006018048,2264924160,2434772992,4.049783706665039
sparse75_ngram10m,19250,57688064,157696000,1.5462641716003418,0.9958155155181885,0.0002196555277656322,22313.59756642625,2.723827827932892,0.000712799999746494,2006018048,2264924160,2435813376,4.028226375579834
sparse75_ngram10m,19300,58097664,158105600,1.792485237121582,1.0457218885421753,0.00021856469484623372,22724.479829372478,2.773984354171445,0.0007771000000502681,2006018048,2264924160,2437160960,4.0346150398254395
sparse75_ngram10m,19350,58507264,158515200,1.605013132095337,1.1765896081924438,0.00021746969526998604,22588.283045075033,2.757358770150761,0.0006697999997413717,2006018048,2264924160,2438467584,4.051753997802734
sparse75_ngram10m,19400,58916864,158924800,1.5667740106582642,1.12696373462677,0.00021637061421402853,22038.79872408082,2.690283047373147,0.0006950999995751772,2006018048,2264924160,2439520256,4.0364837646484375
sparse75_ngram10m,19450,59326464,159334400,1.461063027381897,1.2900846004486084,0.00021526753717298843,22630.278107684717,2.762485120566982,0.000716499998816289,2006018048,2264924160,2440814592,4.046285152435303
sparse75_ngram10m,19500,59736064,159744000,1.6407461166381836,1.1046799421310425,0.00021416054995232982,22721.082624111208,2.773569656263575,0.0006981000005907845,2006018048,2264924160,2441986048,4.068628787994385
sparse75_ngram10m,19550,60145664,160153600,1.7285207509994507,1.2125941514968872,0.0002130497386616796,22728.46448862574,2.774470762771697,0.0006724000013491604,2006018048,2264924160,2443161600,4.095287322998047
sparse75_ngram10m,19600,60555264,160563200,1.1473002433776855,0.9312566518783569,0.000211935189708129,22855.134105191104,2.789933362450086,0.0006670000002486631,2006018048,2264924160,2444419072,4.170353412628174
sparse75_ngram10m,19650,60964864,160972800,1.7901220321655273,1.111971139907837,0.00021081698978951216,22428.258729889178,2.737824551988425,0.000700999999025953,2006018048,2264924160,2445787136,4.093732833862305
sparse75_ngram10m,19700,61374464,161382400,2.196366786956787,1.480133295059204,0.0002096952258876622,22498.744882042098,2.7464288186086545,0.000699700000041048,2006018048,2264924160,2446737408,4.107374668121338
sparse75_ngram10m,19750,61784064,161792000,1.5652674436569214,1.1187812089920044,0.00020856998526164522,22311.944516487434,2.7236260396102825,0.0007621000004292,2006018048,2264924160,2448064512,4.0459208488464355
sparse75_ngram10m,19800,62193664,162201600,1.8580223321914673,1.1880743503570557,0.00020744135544097244,22705.88013553552,2.7717138837323634,0.0006860000012238743,2006018048,2264924160,2449408000,4.022881031036377
sparse75_ngram10m,19850,62603264,162611200,1.3739330768585205,1.013817548751831,0.00020630942421879172,22434.007677157962,2.7385263277780716,0.0006847999993624398,2006018048,2264924160,2450276352,4.067094326019287
sparse75_ngram10m,19900,63012864,163020800,1.6848576068878174,1.1844482421875,0.00020517427964505817,22769.67275266453,2.7795010684404944,0.0006979999998293351,2006018048,2264924160,2451415040,4.12343168258667
sparse75_ngram10m,19950,63422464,163430400,1.4589897394180298,1.2179070711135864,0.0002040360100196852,22705.697627797195,2.7716916049557123,0.0007067999995342689,2006018048,2264924160,2452873216,4.080935001373291
sparse75_ngram10m,20000,63832064,163840000,1.8865282535552979,1.226430892944336,0.0002028947038856756,22677.086536951614,2.7681990401552263,0.0006995000003371388,2006018048,2264924160,2453786624,4.069463729858398
sparse75_ngram10m,20050,64241664,164249600,1.6276304721832275,1.0349242687225342,0.00020175045002223443,18569.163446911916,2.2667435848281148,0.0007649999988643685,2006018048,2302672896,2503299072,4.083194732666016
sparse75_ngram10m,20100,64651264,164659200,1.6332814693450928,1.1831262111663818,0.00020060333743786264,22444.358293241985,2.7397898307180157,0.0006830999991507269,2006018048,2302672896,2504495104,4.051914215087891
sparse75_ngram10m,20150,65060864,165068800,1.8824249505996704,1.0502101182937622,0.0001994534553634337,22638.276705467313,2.7634615118978654,0.0006838000008428935,2006018048,2302672896,2505736192,4.034135818481445
sparse75_ngram10m,20200,65470464,165478400,1.579688310623169,1.0731775760650635,0.00019830089324525242,22313.773825077606,2.7238493438815436,0.0007646999983990099,2006018048,2302672896,2506764288,4.055563449859619
sparse75_ngram10m,20250,65880064,165888000,1.9383207559585571,1.3372911214828491,0.0001971457407380971,22775.42078369727,2.7802027323849208,0.0006986000007600524,2006018048,2302672896,2507792384,4.150803565979004
sparse75_ngram10m,20300,66289664,166297600,1.8648638725280762,1.3278096914291382,0.00019598808769824566,22699.79602879903,2.770971194921757,0.0006969000005483394,2006018048,2302672896,2508918784,4.060338973999023
sparse75_ngram10m,20350,66699264,166707200,1.7134712934494019,1.296033263206482,0.00019482802417648595,22368.682970030884,2.730552120365098,0.0007212000000436092,2006018048,2302672896,2509885440,4.057435512542725
sparse75_ngram10m,20400,67108864,167116800,1.6996041536331177,1.0973231792449951,0.00019366564041111068,22650.758048237996,2.7649851133103023,0.0007177999996201834,2006018048,2302672896,2511093760,4.021089553833008
sparse75_ngram10m,20450,67518464,167526400,1.8547511100769043,1.3718246221542358,0.00019250102682089832,22716.451707938464,2.773004358879207,0.00068710000050487,2006018048,2302672896,2512347136,4.081304550170898
sparse75_ngram10m,20500,67928064,167936000,2.283736228942871,1.2848011255264282,0.00019133427399807969,22561.128761437874,2.7540440382614593,0.0007045000002108281,2006018048,2302672896,2513862656,4.045795917510986
sparse75_ngram10m,20550,68337664,168345600,1.6875756978988647,1.1363332271575928,0.0001901654727012906,22603.471862383896,2.759212873826159,0.0007010000008449424,2006018048,2302672896,2515087360,4.046568870544434
sparse75_ngram10m,20600,68747264,168755200,1.6621277332305908,1.127630352973938,0.00018899471384851258,22164.35824009344,2.705610136730156,0.0007805999994161539,2006018048,2302672896,2516287488,4.066481113433838
sparse75_ngram10m,20650,69156864,169164800,1.7606024742126465,1.1531567573547363,0.00018782208851000006,22554.75557882694,2.7532660618685227,0.0006993999995756894,2006018048,2302672896,2517307392,4.015721321105957
sparse75_ngram10m,20700,69566464,169574400,1.5329533815383911,1.230383276939392,0.00018664768790119663,22563.788424916893,2.754368704213488,0.0007341000000451459,2006018048,2302672896,2518265856,4.094743728637695
sparse75_ngram10m,20750,69976064,169984000,1.5487890243530273,1.329781174659729,0.00018547160337563934,22744.37290551359,2.7764127081925767,0.0006866000003356021,2006018048,2302672896,2519552000,4.213515281677246
sparse75_ngram10m,20800,70385664,170393600,1.8313615322113037,2.0319230556488037,0.00018429392641785292,21957.715850796267,2.6803852356929037,0.0006886999999551335,2006018048,2302672896,2520322048,4.073816776275635
sparse75_ngram10m,20850,70795264,170803200,1.5066558122634888,1.3148390054702759,0.00018311474863623296,22814.651841138566,2.784991679826485,0.0006795000008423813,2006018048,2302672896,2521526272,4.068013668060303
sparse75_ngram10m,20900,71204864,171212800,1.6703135967254639,1.2937613725662231,0.00018193416175592048,22663.02745069497,2.7664828431024135,0.0006876000006741378,2006018048,2302672896,2522599424,4.063205242156982
sparse75_ngram10m,20950,71614464,171622400,1.4572938680648804,1.2068763971328735,0.00018075225761166625,22228.535502564642,2.7134442752154104,0.0007246999994094949,2006018048,2302672896,2523398144,4.049403190612793
sparse75_ngram10m,21000,72024064,172032000,1.8652374744415283,1.4300631284713745,0.00017956912814068795,22793.576507415266,2.78241900725284,0.000677699999869219,2006018048,2302672896,2524450816,4.059598922729492
sparse75_ngram10m,21050,72433664,172441600,2.002967357635498,1.6092380285263062,0.0001783848653755178,18645.50595963689,2.2760627392134873,0.0007289000004675472,2006018048,2302672896,2525478912,4.238838195800781
sparse75_ngram10m,21100,72843264,172851200,2.2714037895202637,1.1801422834396362,0.00017719956143684415,22328.01135154109,2.725587323186168,0.0006840999994892627,2006018048,2302672896,2526593024,4.106673240661621
sparse75_ngram10m,21150,73252864,173260800,1.0444802045822144,0.994968593120575,0.00017601330852634565,22529.78210574905,2.7502175422056947,0.0007259000012709294,2006018048,2302672896,2527477760,4.065550327301025
sparse75_ngram10m,21200,73662464,173670400,2.2064208984375,1.259267807006836,0.00017482619891951885,17696.301058345063,2.1601930002862626,0.0009078999992198078,2006018048,2302672896,2528694272,4.150556564331055
sparse75_ngram10m,21250,74072064,174080000,2.054398775100708,1.1985456943511963,0.00017363832495850034,22434.941545135116,2.7386403253338765,0.0007083000000420725,2006018048,2302672896,2529730560,4.069001197814941
sparse75_ngram10m,21300,74481664,174489600,2.148818254470825,1.1686620712280273,0.000172449779044884,20639.975288410616,2.5195282334485616,0.0006812000010540942,2006018048,2302672896,2530566144,4.034851551055908
sparse75_ngram10m,21350,74891264,174899200,1.6094144582748413,1.1582856178283691,0.00017126065363253306,17198.50755922761,2.099427192288527,0.0006847999993624398,2006018048,2302672896,2531672064,4.022212028503418
sparse75_ngram10m,21400,75300864,175308800,2.0069713592529297,1.5600366592407227,0.00017007104122038848,22750.259800621945,2.7771313233181085,0.0006892999990668613,2006018048,2302672896,2532700160,4.079753875732422
sparse75_ngram10m,21450,75710464,175718400,1.1182748079299927,0.8948532342910767,0.00016888103434527354,22764.642442022796,2.778887016848486,0.0006892000001244014,2006018048,2302672896,2533519360,4.035472393035889
sparse75_ngram10m,21500,76120064,176128000,1.491904377937317,1.1925641298294067,0.00016769072557469585,22431.83304939399,2.7382608702873523,0.0006904000001668464,2006018048,2302672896,2534510592,4.011289596557617
sparse75_ngram10m,21550,76529664,176537600,1.7951031923294067,1.1792269945144653,0.00016650020749964673,22716.161944635107,2.772968987382215,0.0006908999985171249,2006018048,2302672896,2535505920,4.067500114440918
sparse75_ngram10m,21600,76939264,176947200,1.5489859580993652,0.9740691781044006,0.0001653095727273986,22776.927906211957,2.7803867073012642,0.0006948999998712679,2006018048,2302672896,2536325120,4.063869476318359
sparse75_ngram10m,21650,77348864,177356800,1.2666305303573608,1.013309121131897,0.00016411891387430145,22336.729468677073,2.7266515464693692,0.0006874999999126885,2006018048,2302672896,2537345024,4.149166584014893
sparse75_ngram10m,21700,77758464,177766400,1.4462997913360596,1.1928409337997437,0.0001629283235585787,22425.821230810412,2.7375270057141616,0.0006917999999132007,2006018048,2302672896,2538348544,4.106997013092041
sparse75_ngram10m,21750,78168064,178176000,1.2673759460449219,1.039387822151184,0.00016173789439312216,22748.408763828775,2.776905366678317,0.0006945000004634494,2022383616,2302672896,2539143168,4.054449558258057
sparse75_ngram10m,21800,78577664,178585600,1.651403546333313,1.0852906703948975,0.00016054771897828823,22519.67447631106,2.7489837007215647,0.0007008000011410331,2022383616,2302672896,2540118016,4.0624589920043945
sparse75_ngram10m,21850,78987264,178995200,1.4281851053237915,1.2870274782180786,0.0001593578898946948,22772.46411011448,2.779841810316709,0.0006929999999556458,2022383616,2302672896,2541051904,4.044792175292969
sparse75_ngram10m,21900,79396864,179404800,1.7521343231201172,1.112109661102295,0.0001581684996960196,22238.17212643557,2.7146206209027794,0.0007342000008065952,2022383616,2302672896,2541731840,4.057384014129639
sparse75_ngram10m,21950,79806464,179814400,1.5077778100967407,1.2068060636520386,0.0001569796409018005,22235.842158081337,2.7143362009376633,0.000681399998939014,2022383616,2302672896,2542665728,4.232240676879883
sparse75_ngram10m,22000,80216064,180224000,1.5096291303634644,1.053604245185852,0.00015579140599023892,22671.852336268075,2.767560099642099,0.0006704999996145489,2022383616,2302672896,2543603712,4.070084095001221
sparse75_ngram10m,22050,80625664,180633600,1.0192562341690063,1.0143773555755615,0.00015460388739100606,22793.86824906923,2.7824546202477087,0.0006911000000400236,2022383616,2302672896,2545065984,4.208806991577148
sparse75_ngram10m,22100,81035264,181043200,1.6633706092834473,1.1940122842788696,0.00015341717747805304,22741.40534778256,2.776050457492988,0.0006888999996590428,2022383616,2302672896,2545405952,4.052061557769775
sparse75_ngram10m,22150,81444864,181452800,1.2257554531097412,0.8796482086181641,0.00015223136856242552,22806.648783986475,2.784014744138974,0.0006743000012647826,2022383616,2302672896,2546245632,4.043412208557129
sparse75_ngram10m,22200,81854464,181862400,1.8476701974868774,1.2212674617767334,0.00015104655288508277,22713.327693808424,2.7726230094980986,0.000688300000547315,2022383616,2302672896,2547277824,4.058947563171387
sparse75_ngram10m,22250,82264064,182272000,1.9861575365066528,1.489597201347351,0.00014986282260972278,22318.010950857093,2.7243665711495475,0.0007106000011845026,2022383616,2302672896,2547798016,4.059603214263916
sparse75_ngram10m,22300,82673664,182681600,1.9673105478286743,1.273922085762024,0.00014868026981561296,22656.2143490168,2.7656511656514646,0.0007055999994918238,2022383616,2302672896,2548805632,4.0484819412231445
sparse75_ngram10m,22350,83083264,183091200,1.445305585861206,1.0186420679092407,0.00014749898649042746,22314.39987004402,2.723925765386233,0.0007096000008459669,2022383616,2302672896,2549698560,4.036166667938232
sparse75_ngram10m,22400,83492864,183500800,1.5705790519714355,1.126783847808838,0.00014631906452309185,22717.79353438441,2.7731681560527845,0.0006914999994478421,2022383616,2302672896,2550194176,4.2169084548950195
sparse75_ngram10m,22450,83902464,183910400,1.6000804901123047,1.2313461303710938,0.00014514059569663537,22392.51075480354,2.733460785498479,0.0006826999997429084,2022383616,2302672896,2551209984,4.07976770401001
sparse75_ngram10m,22500,84312064,184320000,1.7008289098739624,1.2984412908554077,0.00014396367168105105,22324.336197123328,2.7251386959379063,0.0007355999987339601,2022383616,2302672896,2552168448,4.029664039611816
sparse75_ngram10m,22550,84721664,184729600,1.386029839515686,1.088844895362854,0.0001427883840261652,22806.42655702945,2.783987616824884,0.0007182999997894512,2022383616,2302672896,2552807424,4.034529685974121
sparse75_ngram10m,22600,85131264,185139200,1.5191359519958496,1.0791246891021729,0.000141614824154516,22615.46531216837,2.760676917989303,0.000706299999365001,2022383616,2302672896,2553860096,4.0517168045043945
sparse75_ngram10m,22650,85540864,185548800,1.2870365381240845,1.0865846872329712,0.00014044308335424177,22811.86918928735,2.7846520006454285,0.0006998999997449573,2022383616,2302672896,2554773504,4.02888298034668
sparse75_ngram10m,22700,85950464,185958400,1.8375169038772583,1.0972257852554321,0.0001392732527719802,22646.199574118655,2.764428658950031,0.0007280999998329207,2022383616,2302672896,2555367424,4.071226119995117
sparse75_ngram10m,22750,86360064,186368000,1.8975872993469238,1.1855970621109009,0.00013810542340577815,22599.418682919753,2.7587181009423527,0.000699700000041048,2022383616,2302672896,2556334080,4.050772666931152
sparse75_ngram10m,22800,86769664,186777600,1.721268892288208,1.0719683170318604,0.000136939686098013,22241.939740382935,2.715080534714714,0.0006949000016902573,2022383616,2302672896,2557218816,4.0577874183654785
sparse75_ngram10m,22850,87179264,187187200,1.4373774528503418,1.3344632387161255,0.00013577613152832645,22743.286815919,2.7762801288963623,0.0006928999991941964,2022383616,2302672896,2557988864,4.122128486633301
sparse75_ngram10m,22900,87588864,187596800,1.6565709114074707,1.1070477962493896,0.00013461485020657083,22760.006401180748,2.7783210938941343,0.0006751000000804197,2022383616,2302672896,2558758912,4.143223762512207
sparse75_ngram10m,22950,87998464,188006400,2.381195545196533,1.1677228212356567,0.00013345593246576835,22695.563615751416,2.7704545429384053,0.0006920999985595699,2022383616,2302672896,2559709184,4.099104881286621
sparse75_ngram10m,23000,88408064,188416000,0.8566529154777527,0.9125908613204956,0.00013229946845508462,22744.278184341903,2.7764011455495488,0.0007200000000011642,2022383616,2302672896,2560311296,4.057127952575684
sparse75_ngram10m,23050,88817664,188825600,1.9218237400054932,1.3462258577346802,0.00013114554813281593,18904.0104562876,2.307618463902295,0.000729900000806083,2022383616,2302672896,2561306624,4.115395545959473
sparse75_ngram10m,23100,89227264,189235200,1.3033488988876343,1.1839677095413208,0.00012999426125939178,22873.046772434827,2.7921199673382358,0.0006849000001238892,2022383616,2302672896,2561863680,4.126810073852539
sparse75_ngram10m,23150,89636864,189644800,1.35049569606781,1.053984522819519,0.00012884569739039255,22716.269030214644,2.7729820593523735,0.0006807999998272862,2022383616,2302672896,2562723840,4.006962299346924
sparse75_ngram10m,23200,90046464,190054400,1.7625017166137695,1.2259173393249512,0.00012769994586958323,22696.481657497287,2.7705666085812117,0.0006747000006726012,2022383616,2302672896,2563600384,4.048337459564209
sparse75_ngram10m,23250,90456064,190464000,1.2867118120193481,1.2440303564071655,0.00012655709582196382,22382.635970730662,2.7322553675208328,0.0006861999991087941,2022383616,2302672896,2564067328,4.070773601531982
sparse75_ngram10m,23300,90865664,190873600,1.2266077995300293,1.0264679193496704,0.00012541723614683617,22763.63032111726,2.7787634669332593,0.0006859000004624249,2022383616,2302672896,2564907008,4.0463104248046875
sparse75_ngram10m,23350,91275264,191283200,1.572310447692871,1.1927248239517212,0.000124280455510889,22683.61070360469,2.7689954472173692,0.0006924999997863779,2022383616,2302672896,2565775360,4.064641952514648
sparse75_ngram10m,23400,91684864,191692800,1.7012861967086792,1.2821424007415771,0.00012314684234130053,22268.566743750634,2.7183309013367474,0.0006981000005907845,2022383616,2302672896,2566250496,4.070637226104736
sparse75_ngram10m,23450,92094464,192102400,1.9856481552124023,1.4023874998092651,0.00012201648481886027,22322.31659435568,2.7248921623969338,0.0006918999988556607,2022383616,2302672896,2567045120,4.064417839050293
sparse75_ngram10m,23500,92504064,192512000,1.0468764305114746,0.9386979341506958,0.00012088947087110947,22411.4648650175,2.7357745196554566,0.0009030000001075678,2022383616,2302672896,2567643136,4.089742660522461
sparse75_ngram10m,23550,92913664,192921600,1.3993136882781982,1.025833249092102,0.00011976588816550141,22386.11011825442,2.732679457794729,0.0006954999989829957,2022383616,2302672896,2568450048,4.025273323059082
sparse75_ngram10m,23600,93323264,193331200,1.6100507974624634,1.159005045890808,0.00011864582410258202,22720.25081026515,2.7734681164874453,0.0006861000001663342,2022383616,2302672896,2569265152,4.0450825691223145
sparse75_ngram10m,23650,93732864,193740800,1.518835186958313,1.2238179445266724,0.0001175293658091914,22713.951168258653,2.772699117219074,0.0007165999995777383,2022383616,2302672896,2569646080,4.030488014221191
sparse75_ngram10m,23700,94142464,194150400,1.6527470350265503,1.0974892377853394,0.00011641660013168624,22666.833790298086,2.766947484167247,0.0006876999996165978,2022383616,2302672896,2570448896,4.018401145935059
sparse75_ngram10m,23750,94552064,194560000,1.67478346824646,1.1840853691101074,0.00011530761362918429,22295.020932934738,2.721560172477385,0.000671600000714534,2022383616,2302672896,2571223040,4.022132873535156
sparse75_ngram10m,23800,94961664,194969600,1.2501928806304932,1.1140943765640259,0.00011420249256683137,22441.585309517613,2.7394513317282243,0.0007232999996631406,2022383616,2302672896,2571780096,4.0540690422058105
sparse75_ngram10m,23850,95371264,195379200,1.9151166677474976,1.1378973722457886,0.00011310132290909073,22595.666111518403,2.7582600233787113,0.0006823999992775498,2022383616,2302672896,2572648448,4.029758453369141
sparse75_ngram10m,23900,95780864,195788800,1.5542175769805908,1.1735566854476929,0.00011200419031305626,22580.506451660927,2.7564094789625155,0.0006804999993619276,2022383616,2302672896,2573393920,4.0363078117370605
sparse75_ngram10m,23950,96190464,196198400,1.260542392730713,1.0359753370285034,0.0001109111801217895,22254.501633090993,2.716613968883178,0.0006766000005882233,2022383616,2302672896,2573869056,4.0584940910339355
sparse75_ngram10m,24000,96600064,196608000,1.6543655395507812,1.1600767374038696,0.00010982237735768077,22667.66169724275,2.767048547026703,0.0006782000000384869,2022383616,2302672896,2574680064,4.013840675354004
sparse75_ngram10m,24050,97009664,197017600,0.9854336380958557,0.9167277216911316,0.00010873786671583598,22727.4997197183,2.7743529931296753,0.0007091999996191589,2022383616,2302672896,2575265792,4.084526062011719
sparse75_ngram10m,24100,97419264,197427200,1.6051690578460693,1.1070835590362549,0.00010765773255748791,22246.92292088069,2.7156888331153186,0.0007439999990310753,2022383616,2302672896,2576076800,4.052804946899414
sparse75_ngram10m,24150,97828864,197836800,1.7082046270370483,1.1350349187850952,0.00010658205890343426,22620.842156952152,2.7613332711123233,0.0006876000006741378,2022383616,2302672896,2576801792,4.042658805847168
sparse75_ngram10m,24200,98238464,198246400,1.0783178806304932,1.1355469226837158,0.00010551092942750173,22739.75774049465,2.775849333556476,0.0007141000005503884,2022383616,2302672896,2577223680,4.079871654510498
sparse75_ngram10m,24250,98648064,198656000,1.8340739011764526,1.3764187097549438,0.0001044444274500375,22522.392487382185,2.7493154891823957,0.0006884999984322349,2022383616,2302672896,2577932288,4.047662734985352
sparse75_ngram10m,24300,99057664,199065600,1.6549426317214966,1.3238869905471802,0.00010338263593142774,22480.370838228762,2.744185893338472,0.000696099999913713,2022383616,2302672896,2578771968,4.074841499328613
sparse75_ngram10m,24350,99467264,199475200,1.3863517045974731,1.196876049041748,0.00010232563746564438,22651.50962130734,2.765076858069744,0.0007065999998303596,2022383616,2302672896,2579230720,4.091456413269043
sparse75_ngram10m,24400,99876864,199884800,1.3795875310897827,1.1565444469451904,0.00010127351427382038,22780.892970936788,2.780870723991307,0.0007165999995777383,2022383616,2302672896,2579865600,4.049254417419434
sparse75_ngram10m,24450,100286464,200294400,1.7756679058074951,1.4686390161514282,0.000100226348197854,22642.863282981416,2.7640213968483174,0.0006799000002501998,2022383616,2302672896,2580660224,4.058768272399902
sparse75_ngram10m,24500,100696064,200704000,1.3925029039382935,1.204382061958313,9.918422069404236e-05,22469.691151382027,2.742882220627689,0.0006657000012637582,2022383616,2302672896,2581020672,4.024812698364258
sparse75_ngram10m,24550,101105664,201113600,1.5347954034805298,1.070847749710083,9.814721282674541e-05,22149.118834449444,2.7037498577208794,0.0007473000005120412,2022383616,2302672896,2581647360,4.027020454406738
sparse75_ngram10m,24600,101515264,201523200,1.973049521446228,1.1941274404525757,9.711540526207998e-05,22394.20637387155,2.733667770247992,0.0006922000011400087,2022383616,2302672896,2582401024,4.029008865356445
sparse75_ngram10m,24650,101924864,201932800,1.4215421676635742,1.2567846775054932,9.608887826164507e-05,22740.130167308303,2.775894795814002,0.0007201999997050734,2022383616,2302672896,2582810624,4.04614782333374
sparse75_ngram10m,24700,102334464,202342400,1.7053757905960083,1.153959035873413,9.506771167627836e-05,22710.229722063843,2.7722448391191215,0.0006768000002921326,2022383616,2302672896,2583556096,4.0978474617004395
sparse75_ngram10m,24750,102744064,202752000,1.3944697380065918,1.1348426342010498,9.405198493984512e-05,22423.32902127225,2.7372227809170226,0.0006892999990668613,2022383616,2302672896,2584203264,4.015768527984619
sparse75_ngram10m,24800,103153664,203161600,1.7799237966537476,1.0974681377410889,9.304177706305872e-05,22407.68250906262,2.735312806282058,0.0006833999996160856,2022383616,2302672896,2584621056,4.028541088104248
sparse75_ngram10m,24850,103563264,203571200,2.271091938018799,1.2828277349472046,9.203716662733545e-05,22651.672468807927,2.76509673691503,0.0006894999987707706,2022383616,2302672896,2585300992,4.049598693847656
sparse75_ngram10m,24900,103972864,203980800,1.788159966468811,1.3621580600738525,9.103823177868089e-05,22752.8504943854,2.777447570115405,0.0006812999999965541,2022383616,2302672896,2585800704,4.039095878601074
sparse75_ngram10m,24950,104382464,204390400,1.9931738376617432,1.6517456769943237,9.004505022161187e-05,22780.911976197625,2.7808730439694367,0.0006876999996165978,2022383616,2302672896,2586353664,4.0682291984558105
sparse75_ngram10m,25000,104792064,204800000,1.6371729373931885,1.1827517747879028,8.905769921311178e-05,22375.97816370072,2.7314426469361233,0.0007225999997899635,2022383616,2302672896,2587054080,4.0838727951049805
sparse75_ngram10m,25050,105201664,205209600,1.2814199924468994,1.215054988861084,8.80762555566208e-05,18642.832727471872,2.2757364169277188,0.0007036000006337417,2022383616,2302672896,2587418624,4.052430629730225
sparse75_ngram10m,25100,105611264,205619200,1.3269907236099243,1.0671658515930176,8.710079559606185e-05,22669.82583083839,2.767312723491014,0.0007052000000840053,2022383616,2302672896,2588098560,4.054714679718018
sparse75_ngram10m,25150,106020864,206028800,1.6998528242111206,1.2443594932556152,8.613139520990197e-05,22717.38404004132,2.7731181689503566,0.0006952000003366265,2022383616,2302672896,2588483584,4.05816650390625
sparse75_ngram10m,25200,106430464,206438400,1.4271330833435059,1.1740198135375977,8.516812980524958e-05,22867.900468830725,2.791491756449063,0.0006940000002941815,2022383616,2302672896,2589032448,4.057493209838867
sparse75_ngram10m,25250,106840064,206848000,1.75969660282135,1.2782455682754517,8.421107431198918e-05,22798.448302868837,2.7830137088462936,0.0006819999998697313,2022383616,2302672896,2589618176,4.0703535079956055
sparse75_ngram10m,25300,107249664,207257600,1.2259559631347656,1.2105650901794434,8.326030317695259e-05,22720.559582472404,2.773505808407276,0.0007046999999147374,2022383616,2302672896,2589966336,4.072487831115723
sparse75_ngram10m,25350,107659264,207667200,1.640055537223816,1.0512233972549438,8.231589035812771e-05,22223.795684311317,2.712865684120034,0.0007184000005509006,2022383616,2302672896,2590638080,4.051803112030029
sparse75_ngram10m,25400,108068864,208076800,1.4978519678115845,1.6881974935531616,8.13779093189061e-05,22246.306697637734,2.715613610551481,0.0006850999998277985,2022383616,2302672896,2591215616,4.106712341308594
sparse75_ngram10m,25450,108478464,208486400,1.7842220067977905,1.1960928440093994,8.044643302236777e-05,22687.656441477542,2.7694893117038015,0.0006835999993199948,2022383616,2302672896,2591588352,4.032875061035156
sparse75_ngram10m,25500,108888064,208896000,1.1292388439178467,1.0258934497833252,7.952153392560598e-05,22426.895629795148,2.737658157933978,0.000677799998811679,2022383616,2302672896,2592325632,4.034516334533691
sparse75_ngram10m,25550,109297664,209305600,1.875518798828125,1.2709450721740723,7.860328397409099e-05,22743.040565780364,2.776250069064986,0.0006747000006726012,2022383616,2302672896,2592890880,4.063127517700195
sparse75_ngram10m,25600,109707264,209715200,1.3018916845321655,1.0897878408432007,7.769175459607338e-05,22720.320125711656,2.773476577845661,0.0006827999986853683,2022383616,2302672896,2593226752,4.040962219238281
sparse75_ngram10m,25650,110116864,210124800,1.8176244497299194,1.2186918258666992,7.678701669702803e-05,22628.86533859007,2.762312663402108,0.0006833999996160856,2022383616,2302672896,2593890304,4.023984909057617
sparse75_ngram10m,25700,110526464,210534400,1.2451168298721313,1.058543086051941,7.588914065413869e-05,22721.548970619486,2.773626583327574,0.0006658000002062181,2022383616,2302672896,2594410496,4.052794456481934
sparse75_ngram10m,25750,110936064,210944000,1.6170505285263062,1.2991628646850586,7.499819631082311e-05,22327.09244947164,2.7254751525233933,0.0007048999996186467,2022383616,2302672896,2594840576,4.056478500366211
sparse75_ngram10m,25800,111345664,211353600,1.3396425247192383,1.2373632192611694,7.41142529713004e-05,22520.522623480287,2.7490872343115584,0.0006925999987288378,2022383616,2302672896,2595319808,4.060379981994629
sparse75_ngram10m,25850,111755264,211763200,1.5366054773330688,1.115830898284912,7.323737939520016e-05,22665.416453558053,2.7667744694284733,0.0006685000007564668,2022383616,2302672896,2596069376,4.059443950653076
sparse75_ngram10m,25900,112164864,212172800,1.5612506866455078,1.2354439496994019,7.236764379221333e-05,22754.259826855414,2.7776196077704363,0.0006694000003335532,2022383616,2302672896,2596261888,4.069784641265869
sparse75_ngram10m,25950,112574464,212582400,1.7687005996704102,1.1372562646865845,7.150511381678705e-05,22708.038983899343,2.7719774150267753,0.000674099999741884,2022383616,2302672896,2596880384,4.0575361251831055
sparse75_ngram10m,26000,112984064,212992000,1.4161309003829956,1.0617482662200928,7.064985656286145e-05,22323.7400113008,2.7250659193482423,0.0006904000001668464,2022383616,2302672896,2597425152,4.053473472595215
sparse75_ngram10m,26050,113393664,213401600,1.3558982610702515,2.2701058387756348,6.980193855865072e-05,18734.947377736404,2.2869808810713383,0.0006814000007580034,2022383616,2302672896,2597875712,4.028067111968994
sparse75_ngram10m,26100,113803264,213811200,1.7203481197357178,1.2022243738174438,6.896142576146817e-05,22735.857461275384,2.7753732252533427,0.0006799999991926597,2022383616,2302672896,2598166528,4.0371012687683105
sparse75_ngram10m,26150,114212864,214220800,1.2328318357467651,1.0628372430801392,6.812838355259551e-05,22430.739751674922,2.73812741109313,0.0006988999994064216,2022383616,2302672896,2598739968,4.013620376586914
sparse75_ngram10m,26200,114622464,214630400,1.2835899591445923,1.1924816370010376,6.730287673219704e-05,22830.80207411606,2.786963143812996,0.0006823000003350899,2022383616,2302672896,2599333888,4.054588317871094
sparse75_ngram10m,26250,115032064,215040000,1.2842103242874146,1.247265338897705,6.648496951427902e-05,22741.46847915307,2.776058163959115,0.0006874999999126885,2022383616,2302672896,2599534592,4.036898612976074
sparse75_ngram10m,26300,115441664,215449600,1.2828705310821533,1.3791269063949585,6.56747255216944e-05,22740.938185845447,2.775993430889337,0.0006774000012228498,2022383616,2302672896,2600165376,4.064995288848877
sparse75_ngram10m,26350,115851264,215859200,1.6478689908981323,1.2711044549942017,6.487220778119421e-05,21510.22129374305,2.6257594352713682,0.0007055999994918238,2022383616,2302672896,2600706048,4.017834663391113
sparse75_ngram10m,26400,116260864,216268800,1.2955973148345947,1.1425031423568726,6.407747871852458e-05,22331.687716206157,2.726036098169697,0.0007002999991527759,2022383616,2302672896,2601066496,4.0426836013793945
sparse75_ngram10m,26450,116670464,216678400,2.122570276260376,1.4270135164260864,6.32906001535707e-05,22636.612731573467,2.7632583900846517,0.0006982000013522338,2022383616,2302672896,2601418752,4.161074638366699
sparse75_ngram10m,26500,117080064,217088000,1.3723191022872925,1.1655433177947998,6.251163329554842e-05,22380.006611323224,2.731934400796292,0.0006850000008853385,2022383616,2302672896,2601930752,4.039119243621826
sparse75_ngram10m,26550,117489664,217497600,1.7878055572509766,1.4337910413742065,6.174063873824256e-05,22658.29482500561,2.7659051300055677,0.0006737000003340654,2022383616,2302672896,2602291200,4.053071975708008
sparse75_ngram10m,26600,117899264,217907200,1.3301937580108643,1.0822257995605469,6.097767645529357e-05,22804.141044997952,2.7837086236569766,0.0006969000005483394,2022383616,2302672896,2602745856,4.093634605407715
sparse75_ngram10m,26650,118308864,218316800,1.6118077039718628,1.1331979036331177,6.022280579553249e-05,22827.49386606596,2.786559309822505,0.0006744000002072426,2022383616,2302672896,2603167744,4.110421657562256
sparse75_ngram10m,26700,118718464,218726400,1.7246477603912354,1.311995506286621,5.947608547836422e-05,22721.088925896845,2.7735704255245173,0.0006906000016897451,2022383616,2302672896,2603421696,4.059326171875
sparse75_ngram10m,26750,119128064,219136000,1.9596766233444214,1.287645936012268,5.87375735891999e-05,22615.93357674329,2.760734079192296,0.0006611999997403473,2022383616,2302672896,2603950080,4.049432754516602
sparse75_ngram10m,26800,119537664,219545600,1.3627259731292725,1.148651123046875,5.80073275749387e-05,19892.316325768326,2.4282612702353914,0.0007440000008500647,2022383616,2302672896,2604371968,4.020246505737305
sparse75_ngram10m,26850,119947264,219955200,1.241119623184204,1.0408042669296265,5.728540423949897e-05,22691.709908377605,2.7699841196750006,0.0006816999994043726,2022383616,2302672896,2604605440,4.071455955505371
sparse75_ngram10m,26900,120356864,220364800,1.0838713645935059,1.0431878566741943,5.6571859739399895e-05,22448.054620485014,2.7402410425396746,0.0006890000004204921,2022383616,2302672896,2605096960,4.067768096923828
sparse75_ngram10m,26950,120766464,220774400,0.7736541628837585,0.911986231803894,5.5866749579392985e-05,22337.113173631453,2.726698385453058,0.0007006000014371239,2022383616,2302672896,2605453312,4.065664291381836
sparse75_ngram10m,27000,121176064,221184000,1.5333431959152222,1.1988608837127686,5.517012860814465e-05,22817.613125064712,2.785353164680751,0.000667500000417931,2022383616,2302672896,2605690880,4.022064208984375
sparse75_ngram10m,27050,121585664,221593600,1.6820775270462036,1.3374325037002563,5.4482051013969536e-05,22686.58204431026,2.7693581597058423,0.0006733000009262469,2022383616,2302672896,2606145536,4.0565996170043945
sparse75_ngram10m,27100,121995264,222003200,1.576749563217163,1.3173325061798096,5.380257032061559e-05,22697.09791895176,2.770641835809541,0.0006926999994902872,2022383616,2302672896,2606579712,4.0250983238220215
sparse75_ngram10m,27150,122404864,222412800,1.826851487159729,1.2435334920883179,5.313173938310024e-05,22791.71207416088,2.782191415302842,0.0006915999983903021,2022383616,2302672896,2607099904,4.052672863006592
sparse75_ngram10m,27200,122814464,222822400,1.7235980033874512,1.0658665895462036,5.246961038359927e-05,22734.298986076483,2.7751829816987894,0.0006873999991512392,2022383616,2302672896,2607247360,4.039248466491699
sparse75_ngram10m,27250,123224064,223232000,1.360743761062622,1.1590787172317505,5.1816234827387556e-05,22574.81282499044,2.755714456175591,0.0007041999997454695,2022383616,2302672896,2607587328,4.053098678588867
sparse75_ngram10m,27300,123633664,223641600,1.1835633516311646,1.2947548627853394,5.117166353883259e-05,22766.13548463129,2.7790692730262805,0.0006840000023657922,2022383616,2302672896,2608123904,4.053677082061768
sparse75_ngram10m,27350,124043264,224051200,1.3250625133514404,1.254357933998108,5.0535946657441045e-05,22480.64227905821,2.744219028205348,0.0007137000029615592,2022383616,2302672896,2608152576,4.061683654785156
sparse75_ngram10m,27400,124452864,224460800,1.6958487033843994,1.2751625776290894,4.990913363395854e-05,22341.2921459535,2.7272085139103392,0.0007033999972918537,2022383616,2302672896,2608762880,4.0835089683532715
sparse75_ngram10m,27450,124862464,224870400,1.6307313442230225,1.2473056316375732,4.9291273226522936e-05,21738.67469978342,2.6536468139384057,0.0007953000022098422,2022383616,2302672896,2609111040,4.078065395355225
sparse75_ngram10m,27500,125272064,225280000,1.5058614015579224,1.1920053958892822,4.868241349687165e-05,22776.769585589882,2.7803673810534524,0.0006804999975429382,2022383616,2302672896,2609213440,4.043638706207275
sparse75_ngram10m,27550,125681664,225689600,1.504934310913086,1.4064055681228638,4.808260180660304e-05,22700.487955185017,2.771055658591921,0.0006613000005017966,2022383616,2302672896,2609733632,4.096305847167969
sparse75_ngram10m,27600,126091264,226099200,1.3738279342651367,1.1402137279510498,4.749188481349223e-05,22748.99626176693,2.776977082735221,0.000652899998385692,2022383616,2302672896,2610184192,4.008237838745117
sparse75_ngram10m,27650,126500864,226508800,1.0952882766723633,1.149867057800293,4.691030846786183e-05,22894.30138151592,2.79471452411083,0.0006997000018600374,2022383616,2302672896,2610331648,4.143971920013428
sparse75_ngram10m,27700,126910464,226918400,1.3328443765640259,1.269729733467102,4.633791800900735e-05,22786.779773355163,2.781589327802144,0.000668799999402836,2022383616,2302672896,2610819072,4.055634498596191
sparse75_ngram10m,27750,127320064,227328000,1.6457384824752808,1.3658416271209717,4.577475796167845e-05,22491.653487912106,2.745563169911146,0.0006877000014355872,2022383616,2302672896,2611200000,4.059727668762207
sparse75_ngram10m,27800,127729664,227737600,1.4489593505859375,1.1033837795257568,4.5220872132615255e-05,22568.208083668847,2.7549082133384823,0.0006867000010970514,2022383616,2302672896,2611478528,4.027374267578125
sparse75_ngram10m,27850,128139264,228147200,1.9443296194076538,1.5414265394210815,4.4676303607140876e-05,22658.464037177273,2.7659257857882413,0.0007034000009298325,2022383616,2302672896,2611720192,4.071193218231201
sparse75_ngram10m,27900,128548864,228556800,1.7043498754501343,1.4146249294281006,4.414109474580982e-05,22767.919800899344,2.7792870850707208,0.0006681999984721188,2022383616,2302672896,2612105216,4.0913825035095215
sparse75_ngram10m,27950,128958464,228966400,1.0929807424545288,1.0545988082885742,4.361528718111295e-05,22629.296652006567,2.7623653139656454,0.0006807999998272862,2022383616,2302672896,2612191232,4.073362350463867
sparse75_ngram10m,28000,129368064,229376000,1.3217682838439941,1.147843360900879,4.309892181423892e-05,22699.858929475547,2.7709788732269955,0.0006982999984757043,2022383616,2302672896,2612621312,4.035640716552734
sparse75_ngram10m,28050,129777664,229785600,1.7931734323501587,1.1497998237609863,4.259203881189267e-05,18932.075632102937,2.3110443886844405,0.0006909000003361143,2022383616,2302672896,2612838400,4.005912780761719
sparse75_ngram10m,28100,130187264,230195200,1.703089714050293,1.2877216339111328,4.209467760317094e-05,18957.75396888868,2.3141789512803563,0.0006800999981351197,2022383616,2302672896,2613194752,4.083312511444092
sparse75_ngram10m,28150,130596864,230604800,1.7604639530181885,1.3016929626464844,4.160687687649511e-05,22653.382507689672,2.765305481895712,0.0006934000011824537,2022383616,2302672896,2613821440,4.089080810546875
sparse75_ngram10m,28200,131006464,231014400,1.4341750144958496,1.105340600013733,4.112867457660184e-05,22602.71100105697,2.759119995246212,0.0006696000018564519,2022383616,2302672896,2613923840,4.028382301330566
sparse75_ngram10m,28250,131416064,231424000,1.7565674781799316,1.1758350133895874,4.066010790159135e-05,22223.319402146924,2.7128075442073882,0.0006998999997449573,2022383616,2302672896,2614640640,4.0193281173706055
sparse75_ngram10m,28300,131825664,231833600,1.2888990640640259,1.3812562227249146,4.020121330003394e-05,22156.265500848087,2.704622253521495,0.0006783999997423962,2022383616,2302672896,2615037952,4.052527904510498
sparse75_ngram10m,28350,132235264,232243200,1.566701889038086,1.264936089515686,3.975202646813474e-05,22348.81336025501,2.7281266308905043,0.0007134999978006817,2022383616,2302672896,2615173120,4.032547950744629
sparse75_ngram10m,28400,132644864,232652800,1.8347890377044678,1.3294296264648438,3.9312582346956965e-05,22269.323436052062,2.718423271002449,0.0006809000005887356,2022383616,2302672896,2615525376,4.063425064086914
sparse75_ngram10m,28450,133054464,233062400,0.9772990345954895,0.9978535771369934,3.888291511970403e-05,22666.187813925866,2.7668686296296223,0.0007210999974631704,2022383616,2302672896,2615635968,4.047487258911133
sparse75_ngram10m,28500,133464064,233472000,1.6578617095947266,1.3900657892227173,3.846305820906039e-05,22598.496008301034,2.75860546976331,0.0006987999986449722,2022383616,2302672896,2615939072,4.079268455505371
sparse75_ngram10m,28550,133873664,233881600,1.2146142721176147,1.1138850450515747,3.805304427459179e-05,22727.92219009269,2.774404564220299,0.0007245000015245751,2022383616,2302672896,2616332288,4.029962062835693
sparse75_ngram10m,28600,134283264,234291200,1.4006104469299316,1.1141128540039062,3.765290521020467e-05,21850.233612396987,2.667264845263304,0.0008486000006087124,2022383616,2302672896,2616438784,4.030750274658203
sparse75_ngram10m,28650,134692864,234700800,1.965530514717102,1.4019522666931152,3.72626721416654e-05,22572.418004248582,2.7554221196592508,0.0006945999994059093,2022383616,2302672896,2616709120,4.061928749084473
sparse75_ngram10m,28700,135102464,235110400,1.2150869369506836,1.3760300874710083,3.688237542417883e-05,22705.401845573047,2.7716554987271786,0.0007108000027074013,2022383616,2302672896,2617044992,4.091257572174072
sparse75_ngram10m,28750,135512064,235520000,1.1619454622268677,1.2566423416137695,3.651204464002724e-05,22712.590904535424,2.772533069401297,0.0006510000021080486,2022383616,2302672896,2616946688,4.083606719970703
sparse75_ngram10m,28800,135921664,235929600,1.5023326873779297,1.2446404695510864,3.615170859626917e-05,22422.279512678633,2.7370946670750285,0.0006892999990668613,2022383616,2302672896,2617401344,4.0593109130859375
sparse75_ngram10m,28850,136331264,236339200,1.452427864074707,1.1994913816452026,3.5801395322498496e-05,22707.346597237283,2.771892895170567,0.0006782000018574763,2022383616,2302672896,2617712640,4.038639068603516
sparse75_ngram10m,28900,136740864,236748800,1.1769999265670776,1.09972083568573,3.546113206866419e-05,22791.781826440343,2.7821999299853934,0.0006911999989824835,2022383616,2302672896,2617745408,4.028217315673828
sparse75_ngram10m,28950,137150464,237158400,1.436779260635376,1.129895567893982,3.5130945302950626e-05,22445.69276685699,2.7399527303292226,0.0006947000001673587,2022383616,2302672896,2618130432,4.085392951965332
sparse75_ngram10m,29000,137560064,237568000,1.7683082818984985,1.4627333879470825,3.4810860709718566e-05,22261.807222822117,2.717505764504653,0.0007143000002542976,2022383616,2302672896,2618449920,4.078583717346191
sparse75_ngram10m,29050,137969664,237977600,1.4717204570770264,1.2424477338790894,3.4500903187507435e-05,18748.95578477268,2.2886908916958837,0.0006925000016053673,2022383616,2302672896,2618658816,4.071211814880371
sparse75_ngram10m,29100,138379264,238387200,0.8512227535247803,1.0993015766143799,3.420109684709826e-05,22838.822094435982,2.787942150199705,0.0006853999984741677,2022383616,2302672896,2618961920,4.075553894042969
sparse75_ngram10m,29150,138788864,238796800,1.2769403457641602,1.3666667938232422,3.3911465009638435e-05,22385.773665960653,2.7326383869580875,0.0007039999982225709,2022383616,2302672896,2619068416,4.061295509338379
sparse75_ngram10m,29200,139198464,239206400,1.352707028388977,1.1766653060913086,3.36320302048275e-05,22688.68066925959,2.769614339509227,0.0006897999992361292,2022383616,2302672896,2619363328,4.0339555740356445
sparse75_ngram10m,29250,139608064,239616000,1.3954358100891113,1.194381594657898,3.3362814169164585e-05,22364.487639755578,2.730039995087351,0.0006877999985590577,2022383616,2302672896,2619670528,4.019484996795654
sparse75_ngram10m,29300,140017664,240025600,1.552711844444275,1.2959814071655273,3.3103837844257594e-05,22627.340246248285,2.762126494903355,0.0006955999997444451,2022383616,2302672896,2619695104,4.102696895599365
sparse75_ngram10m,29350,140427264,240435200,2.194162368774414,1.668473720550537,3.2855121375194315e-05,22306.373354701227,2.722945966150052,0.0007322999990719836,2022383616,2302672896,2619973632,4.056725025177002
sparse75_ngram10m,29400,140836864,240844800,1.8929156064987183,1.1942050457000732,3.2616684108975226e-05,22333.93430305842,2.726310339728811,0.0006957000005058944,2022383616,2302672896,2620338176,4.110536575317383
sparse75_ngram10m,29450,141246464,241254400,1.1475062370300293,1.124121904373169,3.238854459300874e-05,22308.171375470833,2.7231654511072794,0.0006958000012673438,2022383616,2302672896,2620366848,4.0762810707092285
sparse75_ngram10m,29500,141656064,241664000,1.6304824352264404,1.354078769683838,3.217072057366823e-05,21843.64991615468,2.666461171405601,0.0007385999997495674,2022383616,2302672896,2620653568,4.058406352996826
sparse75_ngram10m,29550,142065664,242073600,1.2722810506820679,1.1495797634124756,3.196322899491177e-05,22622.585027986963,2.76154602392419,0.0006874999999126885,2022383616,2302672896,2621042688,4.066605091094971
sparse75_ngram10m,29600,142475264,242483200,1.9155300855636597,1.4070919752120972,3.176608599696396e-05,22538.11905187667,2.751235235824789,0.0006952000003366265,2022383616,2302672896,2621132800,4.01918888092041
sparse75_ngram10m,29650,142884864,242892800,1.061302661895752,1.038149356842041,3.157930691506059e-05,22685.31928643533,2.7692040144574377,0.0006952999974600971,2022383616,2302672896,2621411328,4.046886444091797
sparse75_ngram10m,29700,143294464,243302400,1.4276769161224365,1.1783912181854248,3.1402906278255555e-05,22845.974847123216,2.7888152889554707,0.0006882000016048551,2022383616,2302672896,2621652992,4.087634086608887
sparse75_ngram10m,29750,143704064,243712000,1.3762959241867065,1.2388205528259277,3.1236897808290864e-05,22685.10569947711,2.769177941830702,0.0006812999999965541,2022383616,2302672896,2621841408,4.077990531921387
sparse75_ngram10m,29800,144113664,244121600,1.238167643547058,1.1854544878005981,3.108129441852914e-05,22347.89884191939,2.728014995351488,0.0007308000022021588,2022383616,2302672896,2622070784,4.050814628601074
sparse75_ngram10m,29850,144523264,244531200,1.4174020290374756,1.5255053043365479,3.093610821294914e-05,22767.761605481322,2.7792677741066067,0.0006964999993215315,2022383616,2302672896,2622169088,4.092139720916748
sparse75_ngram10m,29900,144932864,244940800,1.4884263277053833,1.3621330261230469,3.0801350485204266e-05,22757.02211929498,2.7779568016717504,0.000687899999320507,2022383616,2302672896,2622291968,4.055727481842041
sparse75_ngram10m,29950,145342464,245350400,1.5108212232589722,1.3093197345733643,3.0677031717744036e-05,22519.290664193122,2.748936848656387,0.0006933000004210044,2022383616,2302672896,2622709760,4.05042028427124
sparse75_ngram10m,30000,145752064,245760000,1.3913230895996094,1.3449602127075195,3.056316158099867e-05,22672.341763476208,2.767619844174342,0.0006853999984741677,2022383616,2302672896,2622771200,4.071394443511963
sparse75_ngram10m,30050,146161664,246169600,1.2321491241455078,0.9748530387878418,3.0459748932626874e-05,18696.682388749658,2.282309861907917,0.0006843000010121614,2022383616,2302672896,2623229952,4.040611267089844
sparse75_ngram10m,30100,146571264,246579200,1.6760903596878052,1.4178284406661987,3.0366801816826805e-05,22276.366167816115,2.7192829794697406,0.000729499999579275,2022383616,2302672896,2623176704,4.059378623962402
sparse75_ngram10m,30150,146980864,246988800,1.2029532194137573,1.3393594026565552,3.0284327463710326e-05,22723.97554169548,2.773922795617124,0.0006834999985585455,2022383616,2302672896,2623496192,4.042647361755371
sparse75_ngram10m,30200,147390464,247398400,1.086966633796692,1.071624755859375,3.0212332288740646e-05,22509.643948114935,2.747759271010124,0.000715199999831384,2022383616,2302672896,2623746048,4.02469539642334
sparse75_ngram10m,30250,147800064,247808000,1.6916617155075073,1.2320737838745117,3.0150821892233238e-05,22623.540910018906,2.7616627087425423,0.0006922000029589981,2022383616,2302672896,2623651840,4.056704521179199
sparse75_ngram10m,30300,148209664,248217600,1.5750092267990112,1.360598087310791,3.009980105892018e-05,21960.029101211872,2.6806676148940274,0.0006916999991517514,2022383616,2302672896,2623873024,4.074052810668945
sparse75_ngram10m,30350,148619264,248627200,1.3334869146347046,1.1463584899902344,3.0059273757578043e-05,22498.97969104728,2.746457481817295,0.0006692999995721038,2022383616,2302672896,2624172032,4.046465873718262
sparse75_ngram10m,30400,149028864,249036800,1.642669916152954,1.1581664085388184,3.0029243140719076e-05,22430.9178658409,2.7381491535450317,0.0006775000001653098,2022383616,2302672896,2624163840,4.0409698486328125
sparse75_ngram10m,30450,149438464,249446400,1.1743592023849487,1.1429764032363892,3.000971154434607e-05,22766.16079208899,2.7790723623155507,0.000681499997881474,2022383616,2302672896,2624331776,4.025569915771484
sparse75_ngram10m,30500,149848064,249856000,1.6592915058135986,1.4766058921813965,3.000068048777054e-05,22599.56207849264,2.758735605284746,0.0006904000001668464,2022383616,2302672896,2624737280,4.110112190246582
sparse75_ngram25m,12250,344064,100352000,2.8445279598236084,1.4036517143249512,2.5799999999999997e-05,17899.887797989595,2.1850448972155267,0.0007390999999188352,2180319232,2428502016,2212392960,4.126981735229492
sparse75_ngram25m,12300,753664,100761600,2.4995782375335693,1.2374166250228882,5.5799999999999994e-05,22523.847728765035,2.749493130952763,0.0007255999989865813,2180319232,2430599168,2214899712,4.065600395202637
sparse75_ngram25m,12350,1163264,101171200,2.420630693435669,1.1620137691497803,8.579999999999998e-05,22547.15098618757,2.7523377668686,0.0007039000010991003,2180319232,2430599168,2217488384,4.109002113342285
sparse75_ngram25m,12400,1572864,101580800,2.343567371368408,1.1980715990066528,0.0001158,22251.96877777099,2.716304782442748,0.0007513999989896547,2180319232,2430599168,2220216320,4.0590362548828125
sparse75_ngram25m,12450,1982464,101990400,2.168297052383423,1.1033638715744019,0.0001458,22652.048279335977,2.76514261222363,0.0007049000014376361,2180319232,2430599168,2222772224,4.150567054748535
sparse75_ngram25m,12500,2392064,102400000,2.450549364089966,1.0953012704849243,0.00017579999999999996,22498.33088860586,2.74637828230052,0.0007102000017766841,2180319232,2430599168,2225123328,4.047584533691406
sparse75_ngram25m,12550,2801664,102809600,1.6438043117523193,1.4324957132339478,0.0002058,22050.010349339856,2.6916516539721504,0.0008015999992494471,2180319232,2430599168,2227068928,4.118659019470215
sparse75_ngram25m,12600,3211264,103219200,2.1439096927642822,1.1556448936462402,0.00023579999999999999,22229.018040122526,2.7135031787258943,0.00072340000042459,2180319232,2430599168,2229604352,4.035865306854248
sparse75_ngram25m,12650,3620864,103628800,2.13349986076355,1.1634265184402466,0.00026579999999999996,22026.80483600128,2.6888189497071875,0.0007733000020380132,2180319232,2430599168,2231943168,4.083202838897705
sparse75_ngram25m,12700,4030464,104038400,1.9805923700332642,1.1075217723846436,0.0002958,20979.6567500931,2.5609932556265993,0.0008094000004348345,2180319232,2430599168,2234216448,4.044249534606934
sparse75_ngram25m,12750,4440064,104448000,2.534613609313965,1.4231655597686768,0.00029999629513597145,21678.88000204752,2.6463476564999415,0.0007237999998324085,2180319232,2430599168,2236678144,4.072503089904785
sparse75_ngram25m,12800,4849664,104857600,2.014417886734009,1.3958632946014404,0.0002999822236823295,22566.747104904494,2.754729871204162,0.0007386999968730379,2180319232,2430599168,2239455232,4.189173698425293
sparse75_ngram25m,12850,5259264,105267200,2.205989122390747,1.4383162260055542,0.00029995765231622757,22473.59311661428,2.743358534742954,0.000715199999831384,2180399104,2430599168,2241785856,4.0916748046875
sparse75_ngram25m,12900,5668864,105676800,2.4762918949127197,1.9009352922439575,0.0002999225829490077,21905.892904436696,2.67405919243612,0.0007314999966183677,2180399104,2432696320,2244104192,4.102208614349365
sparse75_ngram25m,12950,6078464,106086400,2.1662464141845703,1.1687612533569336,0.00029987701830862376,21694.231564237263,2.6482216264938065,0.000729499999579275,2180399104,2432696320,2246201344,4.060194969177246
sparse75_ngram25m,13000,6488064,106496000,1.693878173828125,1.0870587825775146,0.0002998209619394294,22254.695096754356,2.716637585053022,0.0007409000027109869,2180399104,2432696320,2248556544,4.069709777832031
sparse75_ngram25m,13050,6897664,106905600,2.003469944000244,1.3284910917282104,0.00029975441820190226,18406.77581460835,2.2469208758066834,0.0007198000021162443,2180399104,2432696320,2251984896,4.096109390258789
sparse75_ngram25m,13100,7307264,107315200,1.9839274883270264,1.0998725891113281,0.0002996773922723048,22174.5274988241,2.7068515013213013,0.00072340000042459,2180399104,2432696320,2254503936,4.143590450286865
sparse75_ngram25m,13150,7716864,107724800,2.1170825958251953,1.2241449356079102,0.0002995898901422817,22574.215627282843,2.7556415560648,0.000692400000843918,2180399104,2432696320,2256920576,4.0677008628845215
sparse75_ngram25m,13200,8126464,108134400,2.15751576423645,0.983330488204956,0.0002994919186183937,22271.012559022118,2.7186294627712546,0.0007031999994069338,2180399104,2432696320,2258464768,4.073842525482178
sparse75_ngram25m,13250,8536064,108544000,1.4378904104232788,1.213517189025879,0.0002993834853215881,22467.04130011203,2.7425587524550816,0.0007046999999147374,2180399104,2432696320,2260787200,4.146548271179199
sparse75_ngram25m,13300,8945664,108953600,1.807253360748291,1.199629545211792,0.0002992645986866063,22539.69415673311,2.7514275093668346,0.0006914999976288527,2180399104,2432696320,2263191552,4.084007263183594
sparse75_ngram25m,13350,9355264,109363200,1.8809782266616821,1.1058108806610107,0.00029913526796132697,22585.349849464954,2.757000714046015,0.0007172000005084556,2180399104,2432696320,2265239552,4.05376672744751
sparse75_ngram25m,13400,9764864,109772800,2.6143932342529297,1.2775421142578125,0.0002989955032060475,22039.30270571652,2.690344568568911,0.0007160000022849999,2180399104,2432696320,2267783168,4.061516761779785
sparse75_ngram25m,13450,10174464,110182400,1.975865125656128,1.2027915716171265,0.0002988453152927009,22561.893039791485,2.7541373339589215,0.0007015000010142103,2180399104,2432696320,2270134272,4.088837623596191
sparse75_ngram25m,13500,10584064,110592000,1.8893862962722778,1.1969666481018066,0.00029868471590401035,22611.957066146053,2.760248665301032,0.0006966999972064514,2180399104,2432696320,2272100352,4.053642272949219
sparse75_ngram25m,13550,10993664,111001600,1.9232507944107056,0.9886971116065979,0.0002985137175325801,22216.364391633902,2.711958543900623,0.0007421000009344425,2180399104,2432696320,2274463744,4.037863254547119
sparse75_ngram25m,13600,11403264,111411200,1.99485182762146,1.0954164266586304,0.0002983323334799242,22580.388194040457,2.7563950432178292,0.0007174999991548248,2180399104,2432696320,2276638720,4.0644025802612305
sparse75_ngram25m,13650,11812864,111820800,1.441138505935669,1.0363095998764038,0.0002981405778554314,22688.448167787912,2.769585957981923,0.0007280999998329207,2180399104,2432696320,2278641664,4.055515289306641
sparse75_ngram25m,13700,12222464,112230400,2.3324923515319824,1.163487434387207,0.00029793846557526777,22293.619376703205,2.7213890840702155,0.0007566999993287027,2180399104,2432696320,2280833024,4.080676555633545
sparse75_ngram25m,13750,12632064,112640000,1.99935781955719,1.0178077220916748,0.0002977260123612166,22547.324748371506,2.7523589780726936,0.0007283000013558194,2180399104,2432696320,2282835968,4.05116605758667
sparse75_ngram25m,13800,13041664,113049600,2.0039074420928955,1.1248286962509155,0.000297503234739455,22638.589509699585,2.76349969600825,0.0007059000017761718,2180399104,2432696320,2285096960,4.0910234451293945
sparse75_ngram25m,13850,13451264,113459200,1.8109177350997925,1.3958793878555298,0.0002972701500392687,22580.26993777186,2.7563806076381665,0.0007039999982225709,2180399104,2432696320,2287276032,4.161184310913086
sparse75_ngram25m,13900,13860864,113868800,1.9690603017807007,1.1501704454421997,0.00029702677639170406,22216.01494813547,2.7119158872235682,0.0006974999996600673,2180399104,2432696320,2289307648,4.054902076721191
sparse75_ngram25m,13950,14270464,114278400,1.8041785955429077,1.0283243656158447,0.00029677313272815763,22588.289273524213,2.7573595304594987,0.0007325999977183528,2180399104,2432696320,2291449856,4.053236484527588
sparse75_ngram25m,14000,14680064,114688000,1.8341705799102783,1.1503483057022095,0.00029650923877890326,22330.543287648863,2.725896397418074,0.0007182999979704618,2180399104,2432696320,2293710848,4.026304244995117
sparse75_ngram25m,14050,15089664,115097600,1.9892973899841309,1.1853231191635132,0.0002962351150715579,18764.106865522856,2.2905403888577704,0.0007105000004230533,2180399104,2432696320,2295975936,4.074918270111084
sparse75_ngram25m,14100,15499264,115507200,1.5246338844299316,0.9758955836296082,0.0002959507829294844,22678.24165007094,2.7683400451746754,0.000698499999998603,2180399104,2432696320,2298122240,4.039755344390869
sparse75_ngram25m,14150,15908864,115916800,1.6772960424423218,1.0255151987075806,0.00029565626447013285,21651.78943103401,2.6430407020305187,0.0007114000000001397,2180399104,2432696320,2300039168,4.048506736755371
sparse75_ngram25m,14200,16318464,116326400,1.6868340969085693,1.05329167842865,0.0002953515826033202,22330.458068721575,2.725885994716989,0.0007316000010177959,2180399104,2432696320,2302205952,4.030709743499756
sparse75_ngram25m,14250,16728064,116736000,1.6008116006851196,1.0809450149536133,0.0002950367610294482,22645.398273840063,2.764330843974617,0.0006935999990673736,2180399104,2432696320,2304311296,4.074090003967285
sparse75_ngram25m,14300,17137664,117145600,1.852221131324768,1.1839675903320312,0.00029471182423765986,22681.52557635825,2.768740915082794,0.000703800000337651,2180399104,2432696320,2306162688,4.10881233215332
sparse75_ngram25m,14350,17547264,117555200,2.6642203330993652,1.1594698429107666,0.0002943767975039342,22275.802827546762,2.719214212347017,0.0007827000008546747,2180399104,2432696320,2308304896,4.164138317108154
sparse75_ngram25m,14400,17956864,117964800,1.544049859046936,1.1170884370803833,0.0002940317068891205,22246.542308424556,2.715642371633857,0.0007255999989865813,2180399104,2432696320,2310418432,4.044885635375977
sparse75_ngram25m,14450,18366464,118374400,1.7303133010864258,1.2394078969955444,0.00029367657923691075,22696.764630520636,2.770601151186601,0.0007643999997526407,2180399104,2432696320,2312208384,4.028360366821289
sparse75_ngram25m,14500,18776064,118784000,2.0800139904022217,1.1286159753799438,0.00029331144217175183,22625.365431982722,2.7618854287088284,0.000691100001859013,2180399104,2432696320,2314309632,4.059224605560303
sparse75_ngram25m,14550,19185664,119193600,1.671028733253479,1.0896527767181396,0.00029293632409669646,22782.43249739396,2.781058654467036,0.0007246999994094949,2180399104,2432696320,2316410880,4.131030559539795
sparse75_ngram25m,14600,19595264,119603200,2.7154109477996826,1.323899269104004,0.0002925512541911939,21063.68525021247,2.571250640895077,0.0007192999983089976,2180399104,2432696320,2318225408,4.085353374481201
sparse75_ngram25m,14650,20004864,120012800,1.4051084518432617,0.9732275605201721,0.00029215626240882027,19580.45902695306,2.390192752313606,0.0008283999995910563,2180399104,2432696320,2320257024,4.076199054718018
sparse75_ngram25m,14700,20414464,120422400,1.9251502752304077,1.2883870601654053,0.0002917513794749482,22634.817665553706,2.7630392658146614,0.0007533000025432557,2180399104,2432696320,2322489344,4.084262371063232
sparse75_ngram25m,14750,20824064,120832000,2.4307684898376465,1.2831305265426636,0.0002913366368843572,22280.89209527651,2.7198354608491835,0.0007227999994938727,2180399104,2432696320,2324193280,4.073818206787109
sparse75_ngram25m,14800,21233664,121241600,1.794832468032837,1.0879292488098145,0.00029091206689878344,20193.634075170667,2.4650432220667318,0.0009330000029876828,2180399104,2432696320,2326122496,4.034210681915283
sparse75_ngram25m,14850,21643264,121651200,1.5715659856796265,1.6002863645553589,0.00029047770254441043,22339.769015674698,2.7270225849212277,0.000769800000853138,2180399104,2432696320,2328293376,4.05726432800293
sparse75_ngram25m,14900,22052864,122060800,1.5943186283111572,1.059261441230774,0.0002900335776092998,22671.38175302219,2.7675026553982165,0.0007049000014376361,2180399104,2432696320,2329968640,4.053171157836914
sparse75_ngram25m,14950,22462464,122470400,1.261263132095337,1.076148271560669,0.0002895797266407631,22432.56402118768,2.738350100242637,0.0007073999986459967,2180399104,2432696320,2331992064,4.085099220275879
sparse75_ngram25m,15000,22872064,122880000,1.574886441230774,0.9788355231285095,0.0002891161849426746,18937.231123320376,2.3116737211084444,0.0006916999991517514,2180399104,2432696320,2333941760,4.052597999572754
sparse75_ngram25m,15050,23281664,123289600,2.400836229324341,1.1665233373641968,0.0002886429885727247,18903.692012088293,2.3075795913193717,0.0007005999977991451,2180399104,2432696320,2336174080,4.047555446624756
sparse75_ngram25m,15100,23691264,123699200,2.0177383422851562,1.2110729217529297,0.00028816017433961564,22436.754207861755,2.7388615976393744,0.0007015999981376808,2180399104,2432696320,2337845248,4.060083389282227
sparse75_ngram25m,15150,24100864,124108800,1.6398824453353882,1.0139861106872559,0.0002876677798001977,22588.46989868503,2.757381579429325,0.0007330000007641502,2180399104,2432696320,2339864576,4.034750938415527
sparse75_ngram25m,15200,24510464,124518400,2.3178799152374268,1.7381712198257446,0.0002871658432565482,22281.710230018296,2.7199353308127803,0.0006992000016907696,2180399104,2432696320,2341711872,4.091773986816406
sparse75_ngram25m,15250,24920064,124928000,1.7327196598052979,0.9473352432250977,0.00028665440375299193,22671.532337718047,2.7675210373190975,0.0006955999997444451,2180399104,2432696320,2343264256,4.042978286743164
sparse75_ngram25m,15300,25329664,125337600,1.9830191135406494,1.5228642225265503,0.0002861335010730637,22672.868862387728,2.7676841873031894,0.0007057000002532732,2180399104,2432696320,2345340928,4.060297012329102
sparse75_ngram25m,15350,25739264,125747200,1.5326794385910034,1.1367141008377075,0.00028560317573641413,22695.821414396018,2.770486012499514,0.0006719999983033631,2180399104,2432696320,2347343872,4.0576090812683105
sparse75_ngram25m,15400,26148864,126156800,1.8214811086654663,0.985251784324646,0.00028506346899565753,21199.078026304753,2.5877780793829044,0.0007103999996616039,2180399104,2432696320,2349092864,4.047325611114502
sparse75_ngram25m,15450,26558464,126566400,2.0911970138549805,1.130734920501709,0.00028451442283316305,22693.124249259465,2.7701567687084308,0.0007101999981387053,2180399104,2432696320,2350919680,4.056349277496338
sparse75_ngram25m,15500,26968064,126976000,1.6197701692581177,0.9927419424057007,0.0002839560799577887,22207.709859657185,2.7109020824776837,0.0006914999976288527,2180399104,2432696320,2352775168,4.05763053894043
sparse75_ngram25m,15550,27377664,127385600,1.276472568511963,0.9622598886489868,0.0002833884838015596,22746.74119354044,2.7767018058521047,0.0006780999974580482,2180399104,2432696320,2354524160,4.050418853759766
sparse75_ngram25m,15600,27787264,127795200,1.5997719764709473,1.0711455345153809,0.00028281167851628905,22644.021171373883,2.764162740646226,0.0006828000005043577,2180399104,2432696320,2356441088,4.070235252380371
sparse75_ngram25m,15650,28196864,128204800,1.100891351699829,0.9461168646812439,0.0002822257089701445,22773.685940136816,2.7799909594893575,0.0006945999994059093,2180399104,2432696320,2358284288,4.099432468414307
sparse75_ngram25m,15700,28606464,128614400,2.1602892875671387,1.210520625114441,0.00028163062074415703,22652.605754879638,2.765210663437456,0.0006838000008428935,2180399104,2432696320,2359963648,4.0430145263671875
sparse75_ngram25m,15750,29016064,129024000,1.595367193222046,1.0492292642593384,0.00028102646012867586,22584.07343142757,2.7568449012973106,0.0007077000009303447,2180399104,2432696320,2361839616,4.041522026062012
sparse75_ngram25m,15800,29425664,129433600,1.5861585140228271,0.9812050461769104,0.0002804132741197676,22512.371911500977,2.7480922743531466,0.000707499999407446,2180399104,2432696320,2363551744,4.054582595825195
sparse75_ngram25m,15850,29835264,129843200,2.020268678665161,1.2114768028259277,0.0002797911104155606,22648.265687893545,2.7646808701041925,0.0007279999990714714,2180399104,2432696320,2365259776,4.153759956359863
sparse75_ngram25m,15900,30244864,130252800,1.7298508882522583,1.126543402671814,0.0002791600174125343,22536.451169220923,2.7510316368677885,0.0007208999995782506,2180399104,2432696320,2367188992,4.070882320404053
sparse75_ngram25m,15950,30654464,130662400,1.646990180015564,1.1214447021484375,0.000278520044201755,22254.955069158128,2.716669319965592,0.0007407000011880882,2180399104,2432696320,2369134592,4.066118240356445
sparse75_ngram25m,16000,31064064,131072000,1.393940806388855,1.0156278610229492,0.000277871240565057,22000.4629981236,2.6856033933256347,0.0007387000005110167,2180399104,2432696320,2370764800,4.037055969238281
sparse75_ngram25m,16050,31473664,131481600,1.0334701538085938,0.8890761733055115,0.0002772136569711702,22345.765256467825,2.72775454790867,0.0007179000022006221,2180399104,2432696320,2372841472,4.069749355316162
sparse75_ngram25m,16100,31883264,131891200,1.7968697547912598,1.1176400184631348,0.0002765473445717942,22039.96681077221,2.690425636080592,0.0007226999987324234,2180399104,2432696320,2374545408,4.07505989074707
sparse75_ngram25m,16150,32292864,132300800,1.5203213691711426,1.0588349103927612,0.00027587235519761967,22514.908706373026,2.748401941695926,0.0006964999993215315,2180399104,2432696320,2376376320,4.04426383972168
sparse75_ngram25m,16200,32702464,132710400,1.5657774209976196,1.0569570064544678,0.0002751887413542962,22172.7569570279,2.706635370730945,0.0007110000005923212,2180399104,2432696320,2377687040,4.107192039489746
sparse75_ngram25m,16250,33112064,133120000,1.9724440574645996,1.115868091583252,0.0002744965562183482,22510.924338205048,2.747915568628546,0.0007173999983933754,2180399104,2432696320,2379726848,4.0874409675598145
sparse75_ngram25m,16300,33521664,133529600,1.801643967628479,1.2053080797195435,0.0002737958536330383,22303.82260614114,2.7226345954762134,0.0007019000004220288,2180399104,2432696320,2381680640,4.099217414855957
sparse75_ngram25m,16350,33931264,133939200,1.8280247449874878,1.2761833667755127,0.0002730866881041793,22532.217467846986,2.7505148276180402,0.0006973999988986179,2180399104,2432696320,2382995456,4.088351726531982
sparse75_ngram25m,16400,34340864,134348800,1.332382082939148,0.9842140078544617,0.0002723691147958941,22594.8496870582,2.7581603621897215,0.0006829000012658071,2180399104,2432696320,2384830464,4.070865154266357
sparse75_ngram25m,16450,34750464,134758400,1.7587590217590332,0.9885194897651672,0.0002716431895263246,22671.808414475516,2.7675547380951557,0.000768699999753153,2180399104,2432696320,2386591744,4.035863876342773
sparse75_ngram25m,16500,35160064,135168000,1.7235783338546753,1.0413082838058472,0.0002709089687632899,22740.1364796642,2.775895566365259,0.0007255999989865813,2180399104,2432696320,2388045824,4.050946235656738
sparse75_ngram25m,16550,35569664,135577600,1.8210482597351074,1.2387290000915527,0.0002701665096198936,22222.31264503854,2.712684649052556,0.0007299999997485429,2180399104,2432696320,2389929984,4.105228424072266
sparse75_ngram25m,16600,35979264,135987200,2.0926878452301025,1.026985764503479,0.00026941586985008146,22351.85619741292,2.7284980709732567,0.0006998999997449573,2180399104,2432696320,2391711744,4.072481155395508
sparse75_ngram25m,16650,36388864,136396800,1.9601699113845825,1.0905237197875977,0.00026865710784414854,22420.64100267261,2.736894653646559,0.0007024000005912967,2180399104,2432696320,2393157632,4.041886329650879
sparse75_ngram25m,16700,36798464,136806400,2.024631977081299,1.2859612703323364,0.0002678902826241973,22014.5873515533,2.6873275575626585,0.0007795000019541476,2180399104,2432696320,2395029504,4.100129127502441
sparse75_ngram25m,16750,37208064,137216000,1.9070861339569092,1.2179169654846191,0.00026711545383954646,21975.811048840984,2.6825941221729717,0.0006950999995751772,2180399104,2432696320,2396688384,4.101761817932129
sparse75_ngram25m,16800,37617664,137625600,1.5560905933380127,1.2918339967727661,0.000266332681762091,22477.94667028163,2.7438899743996132,0.0007504999994125683,2180399104,2432696320,2398257152,4.045327186584473
sparse75_ngram25m,16850,38027264,138035200,1.6986911296844482,1.1344910860061646,0.0002655420272816138,20989.128031550048,2.5621494179138242,0.0007503000015276484,2180399104,2432696320,2399969280,4.143865585327148
sparse75_ngram25m,16900,38436864,138444800,1.5730448961257935,1.113245964050293,0.0002647435519010491,22624.828042209745,2.7618198293713068,0.0006977999983064365,2180399104,2432696320,2401624064,4.0491132736206055
sparse75_ngram25m,16950,38846464,138854400,1.5594807863235474,0.9440236687660217,0.00026393731773169843,22070.6600588172,2.694172370461084,0.0007795000019541476,2180399104,2432696320,2403082240,4.043525218963623
sparse75_ngram25m,17000,39256064,139264000,1.584200143814087,1.0405584573745728,0.0002631233874883992,22354.161743473087,2.7287795097013046,0.0007667999998375308,2180399104,2432696320,2404749312,4.064663887023926
sparse75_ngram25m,17050,39665664,139673600,1.4935328960418701,0.9769229292869568,0.000262301824484646,17711.05384233034,2.1619938772375904,0.0007084999997459818,2180399104,2432696320,3666182144,4.032376289367676
sparse75_ngram25m,17100,40075264,140083200,1.8589584827423096,1.161712884902954,0.000261472692627666,21857.421944851463,2.668142327252376,0.0007565999985672534,2180399104,2432696320,3667791872,4.076262950897217
sparse75_ngram25m,17150,40484864,140492800,1.563660740852356,1.1608158349990845,0.00026063605641344744,21733.259261855477,2.6529857497382174,0.0007197999984782655,2180399104,2432696320,2376335360,4.026811599731445
sparse75_ngram25m,17200,40894464,140902400,1.364210605621338,1.0018562078475952,0.0002597919809217228,22190.427019507435,2.708792360779716,0.0007823000014468562,2180399104,2432696320,2377621504,4.042428970336914
sparse75_ngram25m,17250,41304064,141312000,2.0386738777160645,1.1144074201583862,0.00025894053181090644,19673.414593356207,2.4015398673530526,0.0008139000019582454,2180399104,2432696320,2379304960,4.082867622375488
sparse75_ngram25m,17300,41713664,141721600,1.6163357496261597,1.060878872871399,0.00025808177531298716,21628.16350169474,2.6401566774529712,0.0008445999992545694,2180399104,2432696320,2380898304,4.0494890213012695
sparse75_ngram25m,17350,42123264,142131200,1.7401421070098877,1.3698614835739136,0.00025721577822837626,22314.041257505127,2.723881989441544,0.0007177000006777234,2180399104,2432696320,2382340096,4.140794277191162
sparse75_ngram25m,17400,42532864,142540800,1.5690938234329224,1.0805644989013672,0.00025634260792071106,22050.62761663191,2.6917270039833876,0.0006923999972059391,2180399104,2432696320,2383822848,4.061948299407959
sparse75_ngram25m,17450,42942464,142950400,1.7585148811340332,0.9841994047164917,0.0002554623323116153,22459.618882730832,2.7416526956458536,0.0007063999983074609,2180399104,2432696320,2385186816,4.055530548095703
sparse75_ngram25m,17500,43352064,143360000,1.8941760063171387,1.1837180852890015,0.0002545750198754154,22535.837400721888,2.7509567139553086,0.0006959000020287931,2180399104,2432696320,2386776064,4.050973415374756
sparse75_ngram25m,17550,43761664,143769600,2.0384278297424316,1.526434063911438,0.00025368073963381383,22558.972905760744,2.753780872285247,0.0007095000000845175,2180399104,2432696320,2388512768,4.076129913330078
sparse75_ngram25m,17600,44171264,144179200,1.9684128761291504,1.1389745473861694,0.00025277956115052054,22570.011254798927,2.755128327001822,0.0006956999968679156,2180399104,2432696320,2389831680,4.055678367614746
sparse75_ngram25m,17650,44580864,144588800,1.54536771774292,1.2658199071884155,0.0002518715545258416,22336.985270478326,2.7266827722751863,0.0007102000017766841,2180399104,2432696320,2391412736,4.055915355682373
sparse75_ngram25m,17700,44990464,144998400,1.625190019607544,1.052396297454834,0.00025095679039122625,22433.9278105478,2.738516578436011,0.0007098000023688655,2180399104,2432696320,2392969216,4.064058303833008
sparse75_ngram25m,17750,45400064,145408000,2.1607377529144287,1.174986481666565,0.00025003533990377246,22492.011656728664,2.7456068916905108,0.0007048000006761868,2180399104,2432696320,2394193920,4.053343772888184
sparse75_ngram25m,17800,45809664,145817600,1.526376724243164,0.981325089931488,0.0002491072747406922,22558.68093397642,2.7537452311982933,0.0006900999978824984,2180399104,2432696320,2395914240,4.030938148498535
sparse75_ngram25m,17850,46219264,146227200,2.863741159439087,1.5771220922470093,0.00024817266709373573,22509.23573841294,2.7477094407242357,0.0007096999979694374,2180399104,2432696320,2397417472,4.138783931732178
sparse75_ngram25m,17900,46628864,146636800,1.8190672397613525,1.1101322174072266,0.0002472315896635758,22470.011640852215,2.7429213428774677,0.0006757000010111369,2180399104,2432696320,2398646272,4.107545852661133
sparse75_ngram25m,17950,47038464,147046400,1.6188850402832031,1.2292354106903076,0.00024628411565415264,22668.470846752167,2.7671473201601766,0.0006892999990668613,2180399104,2432696320,2400333824,4.170774459838867
sparse75_ngram25m,18000,47448064,147456000,1.9737404584884644,1.1138906478881836,0.0002453303187669795,22539.260050830748,2.7513745179236753,0.0007063000011839904,2180399104,2432696320,2401820672,4.043781280517578
sparse75_ngram25m,18050,47857664,147865600,1.5566906929016113,1.294820785522461,0.0002443702731954098,21140.279638991567,2.580600541869088,0.0007676999994146172,2128161792,2420113408,2212372480,4.056827545166016
sparse75_ngram25m,18100,48267264,148275200,1.8284236192703247,1.1094791889190674,0.00024340405361886568,18291.94497951933,2.2329034398827305,0.0007562000027974136,2130134016,2422210560,2214924288,4.0323710441589355
sparse75_ngram25m,18150,48676864,148684800,1.8964217901229858,1.1174366474151611,0.00024243173519702886,18618.981588060255,2.2728249008862615,0.0007542999992438126,2130134016,2422210560,2217066496,4.051568984985352
sparse75_ngram25m,18200,49086464,149094400,1.9651572704315186,1.1915355920791626,0.0002414533935639942,18916.621618959893,2.30915791247069,0.0007136999993235804,2130134016,2424307712,2219724800,4.069205284118652
sparse75_ngram25m,18250,49496064,149504000,1.7969377040863037,1.5052692890167236,0.00024046910482238633,18529.08219986435,2.261850854475629,0.0007213999997475185,2130134016,2424307712,2222518272,4.055206298828125
sparse75_ngram25m,18300,49905664,149913600,1.7774789333343506,1.2239609956741333,0.00023947894553743988,18842.818188114703,2.3001487046038456,0.0007067999977152795,2130134016,2424307712,2224820224,4.049332618713379
sparse75_ngram25m,18350,50315264,150323200,1.8157901763916016,1.195078730583191,0.00023848299273104354,22556.54417880298,2.7534843968265355,0.0007114000000001397,2130134016,2424307712,2227118080,4.09191370010376
sparse75_ngram25m,18400,50724864,150732800,1.853516697883606,1.1650069952011108,0.00023748132387574886,22189.164796875484,2.7086382808685894,0.0007230000010167714,2130134016,2424307712,2229571584,4.0858869552612305
sparse75_ngram25m,18450,51134464,151142400,1.2680267095565796,1.1837502717971802,0.00023647401688874388,22570.79479115173,2.755223973529264,0.0007304999999178108,2135007232,2424307712,2232086528,4.134548187255859
sparse75_ngram25m,18500,51544064,151552000,2.0705132484436035,1.2780334949493408,0.00023546115012579186,18408.082838206865,2.247080424585799,0.0007126999989850447,2135007232,2424307712,2234937344,4.038333892822266
sparse75_ngram25m,18550,51953664,151961600,1.2595149278640747,1.0404592752456665,0.00023444280237513673,22558.15291907244,2.75368077625396,0.000738800001272466,2135007232,2424307712,2237353984,4.0737738609313965
sparse75_ngram25m,18600,52363264,152371200,0.9889363646507263,0.7767252326011658,0.00023341905285137379,19722.104188692796,2.4074834214712886,0.0007714999992458615,2135007232,2424307712,2239385600,4.12345027923584
sparse75_ngram25m,18650,52772864,152780800,1.6626617908477783,1.026855707168579,0.00023238998118928824,22452.133678975915,2.7407389744843647,0.0007096000008459669,2135007232,2424307712,2241789952,4.058622360229492
sparse75_ngram25m,18700,53182464,153190400,1.9188339710235596,1.3826308250427246,0.00023135566743766035,22246.07713277875,2.715585587497406,0.0007235000011860393,2135007232,2424307712,2244251648,4.07033634185791
sparse75_ngram25m,18750,53592064,153600000,1.5905581712722778,1.0485936403274536,0.0002303161920530388,22172.042818587648,2.706548195628375,0.0007553000032203272,2135007232,2424307712,2246471680,4.0648193359375
sparse75_ngram25m,18800,54001664,154009600,1.5269827842712402,1.1841250658035278,0.00022927163589348204,22316.162709635035,2.7241409557659955,0.0007187999981397297,2135007232,2424307712,2248876032,4.084664344787598
sparse75_ngram25m,18850,54411264,154419200,1.4092382192611694,0.9891091585159302,0.00022822208021226883,22682.59949463647,2.768872008622616,0.0007261999999172986,2141495296,2424307712,2250993664,4.132049083709717
sparse75_ngram25m,18900,54820864,154828800,2.1424739360809326,1.4303025007247925,0.00022716760665157746,22285.328925043057,2.720377066045295,0.0007175999999162741,2141495296,2424307712,2253520896,4.031210422515869
sparse75_ngram25m,18950,55230464,155238400,2.1904385089874268,1.2107042074203491,0.00022610829723613508,22083.35658392098,2.6957222392481666,0.0007096000008459669,2141495296,2424307712,2255990784,4.0385260581970215
sparse75_ngram25m,19000,55640064,155648000,1.9502633810043335,1.2558863162994385,0.00022504423436683747,22153.539279329594,2.7042894628087883,0.0007361999996646773,2141495296,2424307712,2258169856,4.060300350189209
sparse75_ngram25m,19050,56049664,156057600,1.8225924968719482,1.058129072189331,0.00022397550081433885,18368.63555477648,2.2422650823701757,0.0007124000003386755,2141495296,2424307712,2261159936,4.056225776672363
sparse75_ngram25m,19100,56459264,156467200,0.9449321627616882,1.0114831924438477,0.0002229021797126139,22762.124957801843,2.7785797067629203,0.0007325000005948823,2141495296,2424307712,2263191552,4.121251583099365
sparse75_ngram25m,19150,56868864,156876800,1.2708748579025269,1.0721943378448486,0.00022182435455249044,22188.485660378985,2.7085553784642316,0.0007452000027114991,2141495296,2424307712,2265628672,4.046236991882324
sparse75_ngram25m,19200,57278464,157286400,1.7606807947158813,1.1267882585525513,0.00022074210917515523,22546.338064014093,2.7522385332048453,0.0006955999997444451,2141495296,2424307712,2267963392,4.046931743621826
sparse75_ngram25m,19250,57688064,157696000,1.5467822551727295,1.0574275255203247,0.0002196555277656322,22676.119848009326,2.768081036133951,0.0007083000018610619,2141495296,2424307712,2269544448,4.044447898864746
sparse75_ngram25m,19300,58097664,158105600,1.7780061960220337,1.0545220375061035,0.00021856469484623372,22257.80911657022,2.717017714425076,0.000721799999155337,2141495296,2424307712,2271952896,4.0865864753723145
sparse75_ngram25m,19350,58507264,158515200,1.5983442068099976,1.1558908224105835,0.00021746969526998604,22308.955062836154,2.7232611160688664,0.0007958999995025806,2141495296,2424307712,2274295808,4.056489944458008
sparse75_ngram25m,19400,58916864,158924800,1.5623916387557983,1.1111820936203003,0.00021637061421402853,22242.54968258189,2.715154990549547,0.0007218999999167863,2141495296,2424307712,2276478976,4.030404090881348
sparse75_ngram25m,19450,59326464,159334400,1.4286621809005737,1.167391061782837,0.00021526753717298843,22279.23176905721,2.7196327843087413,0.0007389999991573859,2141495296,2424307712,2278621184,4.058220863342285
sparse75_ngram25m,19500,59736064,159744000,1.6203409433364868,1.0946226119995117,0.00021416054995232982,22296.519761476316,2.7217431349458394,0.000729499999579275,2141495296,2424307712,2280857600,4.062806129455566
sparse75_ngram25m,19550,60145664,160153600,1.7199060916900635,1.164528727531433,0.0002130497386616796,22252.162197399244,2.7163283932372124,0.0007170999997470062,2141495296,2424307712,2282807296,4.035210609436035
sparse75_ngram25m,19600,60555264,160563200,1.1381765604019165,0.9817774295806885,0.000211935189708129,22259.71423774901,2.717250273162721,0.0007227999994938727,2141495296,2424307712,2285137920,4.1328535079956055
sparse75_ngram25m,19650,60964864,160972800,1.758697509765625,1.0996030569076538,0.00021081698978951216,22601.28296504762,2.7589456744442895,0.0006915999983903021,2141495296,2424307712,2287325184,4.092902660369873
sparse75_ngram25m,19700,61374464,161382400,2.203603744506836,1.5650500059127808,0.0002096952258876622,22655.481260382905,2.765561677292835,0.0007088999991538003,2141495296,2424307712,2289217536,4.087879180908203
sparse75_ngram25m,19750,61784064,161792000,1.540933609008789,1.1021926403045654,0.00020856998526164522,22573.30122960955,2.755529935255072,0.0006973000017751474,2141495296,2424307712,2291519488,4.048509120941162
sparse75_ngram25m,19800,62193664,162201600,1.8464239835739136,1.1234064102172852,0.00020744135544097244,22645.69249467838,2.7643667596042945,0.0007035000016912818,2141495296,2424307712,2293645312,4.032731056213379
sparse75_ngram25m,19850,62603264,162611200,1.3696918487548828,1.0451098680496216,0.00020630942421879172,22316.162709635035,2.7241409557659955,0.0007311999979719985,2160959488,2424307712,2295566336,4.0724334716796875
sparse75_ngram25m,19900,63012864,163020800,1.6778875589370728,1.1835243701934814,0.00020517427964505817,22282.164775526326,2.719990817324991,0.0007519999999203719,2160959488,2424307712,2297716736,4.077968597412109
sparse75_ngram25m,19950,63422464,163430400,1.459486961364746,1.3253146409988403,0.0002040360100196852,22665.767635470882,2.7668173383143166,0.0007011999987298623,2160959488,2424307712,2299920384,4.050956726074219
sparse75_ngram25m,20000,63832064,163840000,1.8584476709365845,1.1936193704605103,0.0002028947038856756,18576.721952366723,2.267666253951016,0.000711500000761589,2160959488,2424307712,2301911040,4.069497585296631
sparse75_ngram25m,20050,64241664,164249600,1.6278283596038818,1.0540803670883179,0.00020175045002223443,18464.51508784508,2.253969126934214,0.0007405999967886601,2160959488,2459959296,2352087040,4.024798393249512
sparse75_ngram25m,20100,64651264,164659200,1.6338443756103516,1.20797860622406,0.00020060333743786264,22369.16550351094,2.7306110233778003,0.0007483000008505769,2160959488,2459959296,2354221056,4.09404182434082
sparse75_ngram25m,20150,65060864,165068800,1.8830478191375732,1.0745539665222168,0.0001994534553634337,22186.063945334543,2.7082597589519706,0.0007345999983954243,2160959488,2459959296,2356326400,4.039349555969238
sparse75_ngram25m,20200,65470464,165478400,1.5768436193466187,1.1207480430603027,0.00019830089324525242,22633.62945107535,2.7628942201019715,0.0007041999997454695,2160959488,2459959296,2358292480,4.105075836181641
sparse75_ngram25m,20250,65880064,165888000,1.9110873937606812,1.192287564277649,0.0001971457407380971,22135.31780194636,2.702065161370405,0.0007407999983115587,2160959488,2459959296,2360324096,4.079061508178711
sparse75_ngram25m,20300,66289664,166297600,1.866005778312683,1.3830475807189941,0.00019598808769824566,22609.29851572299,2.7599241352200914,0.0007076000001688953,2160959488,2459959296,2362363904,4.057703971862793
sparse75_ngram25m,20350,66699264,166707200,1.7028768062591553,1.2494498491287231,0.00019482802417648595,22200.259237780734,2.709992582736906,0.0007153000005928334,2160959488,2459959296,2364317696,4.066779613494873
sparse75_ngram25m,20400,67108864,167116800,1.689434289932251,1.0587579011917114,0.00019366564041111068,22049.215075326287,2.691554574624791,0.0007139000008464791,2160959488,2459959296,2366361600,4.055647850036621
sparse75_ngram25m,20450,67518464,167526400,1.8564625978469849,1.4982939958572388,0.00019250102682089832,22103.22790229402,2.6981479372917505,0.0007494999990740325,2160959488,2459959296,2368479232,4.067598342895508
sparse75_ngram25m,20500,67928064,167936000,2.2734241485595703,1.3254905939102173,0.00019133427399807969,22544.817870623192,2.7520529627225576,0.0006983999992371537,2160959488,2459959296,2370859008,4.051722526550293
sparse75_ngram25m,20550,68337664,168345600,1.687316656112671,1.177095651626587,0.0001901654727012906,22645.748835691702,2.764373637169397,0.0007345999983954243,2160959488,2459959296,2373074944,4.029148578643799
sparse75_ngram25m,20600,68747264,168755200,1.6464614868164062,1.1090052127838135,0.00018899471384851258,22691.119080480585,2.7699119971289776,0.0007174000020313542,2160959488,2459959296,2375065600,4.027904987335205
sparse75_ngram25m,20650,69156864,169164800,1.7475264072418213,1.1416577100753784,0.00018782208851000006,22614.772316028153,2.7605923237339054,0.0007416999978886452,2160959488,2459959296,2376753152,4.039758682250977
sparse75_ngram25m,20700,69566464,169574400,1.5232809782028198,1.1970880031585693,0.00018664768790119663,22067.71112966389,2.693812393757799,0.0007559000005130656,2160959488,2459959296,2378797056,4.071420192718506
sparse75_ngram25m,20750,69976064,169984000,1.518205165863037,1.2145390510559082,0.00018547160337563934,22634.667568635294,2.7630209434369255,0.000741700001526624,2160959488,2459959296,2380869632,4.172436237335205
sparse75_ngram25m,20800,70385664,170393600,1.8421120643615723,2.203369140625,0.00018429392641785292,22286.468723528902,2.720516201602649,0.0007212999989860691,2160959488,2459959296,2382475264,4.04878568649292
sparse75_ngram25m,20850,70795264,170803200,1.5030769109725952,1.3600634336471558,0.00018311474863623296,22274.446082188184,2.7190485940171123,0.0007642000018677209,2160959488,2459959296,2384547840,4.0663228034973145
sparse75_ngram25m,20900,71204864,171212800,1.657390832901001,1.2923521995544434,0.00018193416175592048,22643.320165267625,2.7640771686117707,0.0007025999984762166,2160959488,2459959296,2386579456,4.04679536819458
sparse75_ngram25m,20950,71614464,171622400,1.4576241970062256,1.2450751066207886,0.00018075225761166625,22701.632871492187,2.7711954188833237,0.0007016000017756596,2160959488,2459959296,2388275200,4.051004409790039
sparse75_ngram25m,21000,72024064,172032000,1.8323683738708496,1.3625296354293823,0.00017956912814068795,22246.39127504674,2.715623934942229,0.0007093000021995977,2160959488,2459959296,2390163456,4.1159772872924805
sparse75_ngram25m,21050,72433664,172441600,1.9963490962982178,1.5738749504089355,0.0001783848653755178,18597.86365202327,2.2702470278348716,0.0007100000002537854,2160959488,2459959296,2392367104,4.131974697113037
sparse75_ngram25m,21100,72843264,172851200,2.2520270347595215,1.1902269124984741,0.00017719956143684415,22627.50899628269,2.7621470942727893,0.0006957000005058944,2160959488,2459959296,2394198016,4.079414367675781
sparse75_ngram25m,21150,73252864,173260800,1.0365153551101685,1.0116450786590576,0.00017601330852634565,22664.758016459873,2.766694093806137,0.0006968000016058795,2160959488,2459959296,2396168192,4.0648980140686035
sparse75_ngram25m,21200,73662464,173670400,2.199655055999756,1.2601031064987183,0.00017482619891951885,22379.058970459628,2.731818721979935,0.0007176999970397446,2160959488,2459959296,2397696000,4.141038417816162
sparse75_ngram25m,21250,74072064,174080000,2.0450644493103027,1.1782315969467163,0.00017363832495850034,22140.11568954549,2.702650841008971,0.0007182000008469913,2160959488,2459959296,2399690752,4.088018417358398
sparse75_ngram25m,21300,74481664,174489600,2.1356921195983887,1.2083464860916138,0.000172449779044884,21636.372136212958,2.6411587080338084,0.0007311999979719985,2160959488,2459959296,2401247232,4.052333831787109
sparse75_ngram25m,21350,74891264,174899200,1.5871151685714722,1.161054015159607,0.00017126065363253306,22049.980673896334,2.691648031481486,0.0007287000007636379,2160959488,2459959296,2403176448,4.038787841796875
sparse75_ngram25m,21400,75300864,175308800,2.0008654594421387,1.7241944074630737,0.00017007104122038848,21727.85228457932,2.6523257183324365,0.000745700002880767,2160959488,2459959296,2405019648,4.171662330627441
sparse75_ngram25m,21450,75710464,175718400,1.129900336265564,0.9624684453010559,0.00016888103434527354,22626.99025409972,2.7620837712524073,0.0007260999991558492,2160959488,2459959296,2406518784,4.082071304321289
sparse75_ngram25m,21500,76120064,176128000,1.474778175354004,1.1713004112243652,0.00016769072557469585,22576.044644889567,2.755864824815621,0.0007059000017761718,2160959488,2459959296,2408529920,4.052591323852539
sparse75_ngram25m,21550,76529664,176537600,1.7860548496246338,1.1994506120681763,0.00016650020749964673,22513.009150014735,2.748170062257658,0.0007145000017771963,2160959488,2459959296,2410450944,4.074641704559326
sparse75_ngram25m,21600,76939264,176947200,1.5466704368591309,0.9896517992019653,0.0001653095727273986,22635.749563222478,2.7631530228543064,0.000696099999913713,2160959488,2459959296,2412134400,4.065582275390625
sparse75_ngram25m,21650,77348864,177356800,1.2598326206207275,1.0122853517532349,0.00016411891387430145,22576.119305085067,2.755873938609017,0.0006907000024511945,2160959488,2459959296,2413826048,4.096809387207031
sparse75_ngram25m,21700,77758464,177766400,1.4336954355239868,1.1599407196044922,0.0001629283235585787,22316.205264480024,2.7241461504492217,0.0007060999996610917,2160959488,2459959296,2415726592,4.0879011154174805
sparse75_ngram25m,21750,78168064,178176000,1.2687784433364868,1.0303540229797363,0.00016173789439312216,22511.62335680703,2.7480008980477333,0.000696099999913713,2192203776,2459959296,2417475584,4.059273719787598
sparse75_ngram25m,21800,78577664,178585600,1.6399403810501099,1.0916063785552979,0.00016054771897828823,22147.897234085653,2.7036007365827213,0.0008077999991655815,2192203776,2459959296,2419179520,4.075043678283691
sparse75_ngram25m,21850,78987264,178995200,1.4093796014785767,1.2128640413284302,0.0001593578898946948,22260.803024793295,2.7173831817374627,0.0007126999989850447,2192203776,2459959296,2421006336,4.0549635887146
sparse75_ngram25m,21900,79396864,179404800,1.736287236213684,1.08379328250885,0.0001581684996960196,21206.826879328964,2.5887239842930865,0.0007464000009349547,2192203776,2459959296,2422448128,4.054465293884277
sparse75_ngram25m,21950,79806464,179814400,1.5061962604522705,1.106453776359558,0.0001569796409018005,22761.397647443213,2.778490923760158,0.0006865999966976233,2192203776,2459959296,2424410112,4.118513107299805
sparse75_ngram25m,22000,80216064,180224000,1.516126275062561,1.1017626523971558,0.00015579140599023892,22653.45768028313,2.7653146582376866,0.000707800001691794,2192203776,2459959296,2426159104,4.071690559387207
sparse75_ngram25m,22050,80625664,180633600,1.0087175369262695,1.0190966129302979,0.00015460388739100606,22757.388789546385,2.778001561223924,0.0007189999996626284,2192203776,2459959296,2428411904,4.1618146896362305
sparse75_ngram25m,22100,81035264,181043200,1.6574293375015259,1.1630725860595703,0.00015341717747805304,22246.56647365641,2.715645321491261,0.0007073000015225261,2192203776,2459959296,2429722624,4.056914806365967
sparse75_ngram25m,22150,81444864,181452800,1.2059648036956787,0.8543031215667725,0.00015223136856242552,22164.831998314763,2.7056679685442826,0.0007030999986454844,2192203776,2459959296,2431250432,4.071382522583008
sparse75_ngram25m,22200,81854464,181862400,1.816213846206665,1.2356637716293335,0.00015104655288508277,22335.33484333897,2.7264813041185265,0.0007970000006025657,2192203776,2459959296,2433126400,4.056880950927734
sparse75_ngram25m,22250,82264064,182272000,1.947648286819458,1.3300460577011108,0.00014986282260972278,22304.80032399268,2.7227539457998877,0.0007587000000057742,2192203776,2459959296,2434662400,4.066607475280762
sparse75_ngram25m,22300,82673664,182681600,1.9651167392730713,1.3103785514831543,0.00014868026981561296,22285.031868907503,2.720340804309998,0.0007229999973787926,2192203776,2459959296,2436382720,4.066750526428223
sparse75_ngram25m,22350,83083264,183091200,1.423091173171997,1.0204957723617554,0.00014749898649042746,22595.94034344649,2.7582934989558705,0.0007097000016074162,2192203776,2459959296,2438160384,4.025271415710449
sparse75_ngram25m,22400,83492864,183500800,1.5519757270812988,1.1121931076049805,0.00014631906452309185,22560.87401349309,2.7540129411002305,0.0007026999992376659,2192203776,2459959296,2439589888,4.171525001525879
sparse75_ngram25m,22450,83902464,183910400,1.5985846519470215,1.1791770458221436,0.00014514059569663537,22304.26590867457,2.722688709555001,0.0007040999989840202,2192203776,2459959296,2441265152,4.030853271484375
sparse75_ngram25m,22500,84312064,184320000,1.6849814653396606,1.3589251041412354,0.00014396367168105105,22289.609836496442,2.7208996382441946,0.0007143000002542976,2192203776,2459959296,2443128832,4.053406238555908
sparse75_ngram25m,22550,84721664,184729600,1.3889656066894531,1.164394497871399,0.0001427883840261652,22493.160344132455,2.7457471123208563,0.0006872000012663193,2192203776,2459959296,2444443648,4.026289939880371
sparse75_ngram25m,22600,85131264,185139200,1.5218532085418701,1.1354347467422485,0.000141614824154516,22336.132620739012,2.726578689055055,0.0007229000002553221,2192203776,2459959296,2446237696,4.10003662109375
sparse75_ngram25m,22650,85540864,185548800,1.276240348815918,1.145665168762207,0.00014044308335424177,22685.13710930692,2.7691817760384425,0.0007016000017756596,2192203776,2459959296,2447986688,4.054681777954102
sparse75_ngram25m,22700,85950464,185958400,1.838887333869934,1.1355564594268799,0.0001392732527719802,22182.525466453946,2.7078278157292415,0.0007207999988168012,2192203776,2459959296,2449317888,4.0485734939575195
sparse75_ngram25m,22750,86360064,186368000,1.882285714149475,1.2107782363891602,0.00013810542340577815,22503.435812034844,2.7470014418987847,0.0007097000016074162,2192203776,2459959296,2451161088,4.059352874755859
sparse75_ngram25m,22800,86769664,186777600,1.7167867422103882,1.0770893096923828,0.000136939686098013,22177.907317375684,2.7072640768280865,0.0007068000013532583,2192203776,2459959296,2452930560,4.039577484130859
sparse75_ngram25m,22850,87179264,187187200,1.4276223182678223,1.2699501514434814,0.00013577613152832645,22685.02403501226,2.7691679730239573,0.0006991000009293202,2192203776,2459959296,2454290432,4.135680198669434
sparse75_ngram25m,22900,87588864,187596800,1.663415789604187,1.1572725772857666,0.00013461485020657083,22380.94210340424,2.7320485966069628,0.0006986999978835229,2192203776,2459959296,2455977984,4.079063415527344
sparse75_ngram25m,22950,87998464,188006400,2.3761520385742188,1.1621484756469727,0.00013345593246576835,22081.31487332501,2.6954730069976818,0.0006988999994064216,2192203776,2459959296,2457747456,4.088898181915283
sparse75_ngram25m,23000,88408064,188416000,0.8470823764801025,0.9517374634742737,0.00013229946845508462,22685.790448231146,2.769261529325091,0.0006962000006751623,2192203776,2459959296,2459271168,4.054561614990234
sparse75_ngram25m,23050,88817664,188825600,1.9160892963409424,1.303708791732788,0.00013114554813281593,18990.935027619882,2.318229373488755,0.0007100999973772559,2192203776,2459959296,2460909568,4.074575424194336
sparse75_ngram25m,23100,89227264,189235200,1.2879003286361694,1.1515456438064575,0.00012999426125939178,22601.806765071597,2.759009614876904,0.0006992000016907696,2192203776,2459959296,2462191616,4.052865505218506
sparse75_ngram25m,23150,89636864,189644800,1.340976595878601,1.0348074436187744,0.00012884569739039255,22319.26963237069,2.7245202187952504,0.0007009999972069636,2192203776,2459959296,2463838208,4.0234375
sparse75_ngram25m,23200,90046464,190054400,1.750629186630249,1.2439194917678833,0.00012769994586958323,22574.072553404367,2.755624090991744,0.0006861000001663342,2192203776,2459959296,2465435648,4.0490803718566895
sparse75_ngram25m,23250,90456064,190464000,1.2918038368225098,1.3219478130340576,0.00012655709582196382,22673.10104466734,2.7677125298666185,0.0006694000003335532,2192203776,2459959296,2466869248,4.088873386383057
sparse75_ngram25m,23300,90865664,190873600,1.211135745048523,1.0172038078308105,0.00012541723614683617,22305.274031893157,2.7228117714713327,0.0007545999978901818,2192203776,2459959296,2468376576,4.062581539154053
sparse75_ngram25m,23350,91275264,191283200,1.5643081665039062,1.1766114234924316,0.000124280455510889,22601.93148300637,2.759024839234176,0.0007002000020293053,2192203776,2459959296,2470187008,4.057841777801514
sparse75_ngram25m,23400,91684864,191692800,1.6933938264846802,1.2956798076629639,0.00012314684234130053,22475.165381335533,2.74355046158881,0.0006972000010136981,2192203776,2459959296,2471362560,4.053740501403809
sparse75_ngram25m,23450,92094464,192102400,1.9782567024230957,1.423236608505249,0.00012201648481886027,22254.5741814881,2.716622824888684,0.0006934999983059242,2192203776,2459959296,2473021440,4.0776896476745605
sparse75_ngram25m,23500,92504064,192512000,1.0419707298278809,1.0347661972045898,0.00012088947087110947,22723.364123135372,2.7738481595624234,0.0007005000006756745,2192203776,2459959296,2474590208,4.083688735961914
sparse75_ngram25m,23550,92913664,192921600,1.3963981866836548,1.079150676727295,0.00011976588816550141,22579.2243574339,2.756252973319568,0.0006839999987278134,2192203776,2459959296,2476015616,4.038681983947754
sparse75_ngram25m,23600,93323264,193331200,1.5977296829223633,1.1410058736801147,0.00011864582410258202,20788.807338634462,2.537696208329402,0.0008195999980671331,2192203776,2459959296,2477547520,4.043313980102539
sparse75_ngram25m,23650,93732864,193740800,1.4880223274230957,1.2327238321304321,0.0001175293658091914,22477.681462481283,2.7438576004005473,0.000694800000928808,2192203776,2459959296,2478870528,4.054141044616699
sparse75_ngram25m,23700,94142464,194150400,1.6228662729263306,1.1064590215682983,0.00011641660013168624,22586.277678224138,2.757113974392595,0.0006900999978824984,2192203776,2459959296,2480275456,4.0367937088012695
sparse75_ngram25m,23750,94552064,194560000,1.665649175643921,1.1737792491912842,0.00011530761362918429,22257.809116350214,2.7170177143982195,0.0007110000005923212,2192203776,2459959296,2481860608,4.045461654663086
sparse75_ngram25m,23800,94961664,194969600,1.2452723979949951,1.0766397714614868,0.00011420249256683137,22245.775081585067,2.715548716013802,0.0007569999979750719,2192203776,2459959296,2483032064,4.03352165222168
sparse75_ngram25m,23850,95371264,195379200,1.893504023551941,1.160094141960144,0.00011310132290909073,22559.82401583571,2.75388476755807,0.0007297000011021737,2192203776,2459959296,2484654080,4.048910140991211
sparse75_ngram25m,23900,95780864,195788800,1.547722578048706,1.1882824897766113,0.00011200419031305626,22176.100216935076,2.7070434835125825,0.0007535000004281756,2192203776,2459959296,2486345728,4.052524089813232
sparse75_ngram25m,23950,96190464,196198400,1.2369014024734497,1.0313429832458496,0.0001109111801217895,22599.225413643097,2.7586945085013546,0.0007000999976298772,2192203776,2459959296,2487537664,4.046601295471191
sparse75_ngram25m,24000,96600064,196608000,1.6565206050872803,1.1205703020095825,0.00010982237735768077,22613.6361440545,2.760453630866028,0.0007026999992376659,2192203776,2459959296,2488979456,4.029606819152832
sparse75_ngram25m,24050,97009664,197017600,0.9728736877441406,0.9327059984207153,0.00010873786671583598,22246.790007067444,2.7156726082846,0.0007057000002532732,2192203776,2459959296,2490454016,4.0453619956970215
sparse75_ngram25m,24100,97419264,197427200,1.5999705791473389,1.1168586015701294,0.00010765773255748791,21755.30697237315,2.6556771206510192,0.0007583000005979557,2192203776,2459959296,2491985920,4.040501594543457
sparse75_ngram25m,24150,97828864,197836800,1.6957802772521973,1.2037626504898071,0.00010658205890343426,22464.583043711213,2.742258672328029,0.0007029000007605646,2192203776,2459959296,2493444096,4.027362823486328
sparse75_ngram25m,24200,98238464,198246400,1.0694198608398438,1.1286457777023315,0.00010551092942750173,22026.715997409607,2.68880810515254,0.0007016999988991302,2192203776,2459959296,2494550016,4.048184871673584
sparse75_ngram25m,24250,98648064,198656000,1.8339108228683472,1.4147237539291382,0.0001044444274500375,22548.77700686127,2.75253625572037,0.000720199997886084,2192203776,2459959296,2496036864,4.039670467376709
sparse75_ngram25m,24300,99057664,199065600,1.6246390342712402,1.2826513051986694,0.00010338263593142774,22175.427882546013,2.706961411443605,0.0007138000000850298,2192203776,2459959296,2497540096,4.083382606506348
sparse75_ngram25m,24350,99467264,199475200,1.3696441650390625,1.1626603603363037,0.00010232563746564438,22579.379943467928,2.7562719657553623,0.0006963999985600822,2192203776,2459959296,2498674688,4.104405403137207
sparse75_ngram25m,24400,99876864,199884800,1.37311589717865,1.1688144207000732,0.00010127351427382038,22423.703431118738,2.7372684852439866,0.000698499999998603,2192203776,2459959296,2500091904,4.061103343963623
sparse75_ngram25m,24450,100286464,200294400,1.750710368156433,1.473010540008545,0.000100226348197854,22591.86494285161,2.757796013531691,0.0007132999999157619,2192203776,2459959296,2501574656,4.099614143371582
sparse75_ngram25m,24500,100696064,200704000,1.3713845014572144,1.1849758625030518,9.918422069404236e-05,22546.002983263632,2.752197629792924,0.0006757000010111369,2192203776,2459959296,2502615040,4.038217067718506
sparse75_ngram25m,24550,101105664,201113600,1.523017168045044,1.0919839143753052,9.814721282674541e-05,22463.240163464237,2.7420947465166305,0.000715199999831384,2192203776,2459959296,2504048640,4.034399032592773
sparse75_ngram25m,24600,101515264,201523200,1.9751501083374023,1.1963287591934204,9.711540526207998e-05,22115.61564387653,2.6996601127778965,0.0007136999993235804,2192203776,2459959296,2505580544,4.061409950256348
sparse75_ngram25m,24650,101924864,201932800,1.397134780883789,1.172018051147461,9.608887826164507e-05,22542.423205861225,2.7517606452467316,0.000704799997038208,2192203776,2459959296,2506661888,4.043764114379883
sparse75_ngram25m,24700,102334464,202342400,1.7223154306411743,1.1912214756011963,9.506771167627836e-05,21784.38353278581,2.659226505467018,0.0007626000005984679,2192203776,2459959296,2508029952,4.081113815307617
sparse75_ngram25m,24750,102744064,202752000,1.4063950777053833,1.2269867658615112,9.405198493984512e-05,22204.682065456444,2.7105324786934135,0.0007106999983079731,2192203776,2459959296,2509529088,4.043985366821289
sparse75_ngram25m,24800,103153664,203161600,1.781755805015564,1.1051304340362549,9.304177706305872e-05,22121.324881700104,2.7003570412231572,0.0007485999994969461,2192203776,2459959296,2510659584,4.052493095397949
sparse75_ngram25m,24850,103563264,203571200,2.260920763015747,1.3746099472045898,9.203716662733545e-05,22094.816214257145,2.6971211199044367,0.0007149000011850148,2192203776,2459959296,2511880192,4.067152976989746
sparse75_ngram25m,24900,103972864,203980800,1.7887815237045288,1.3009003400802612,9.103823177868089e-05,22142.581248628765,2.7029518125767535,0.0007129000005079433,2192203776,2459959296,2513203200,4.0284104347229
sparse75_ngram25m,24950,104382464,204390400,1.9665966033935547,1.5477851629257202,9.004505022161187e-05,22553.526080852833,2.7531159766666056,0.0006818999972892925,2192203776,2459959296,2514292736,4.084850311279297
sparse75_ngram25m,25000,104792064,204800000,1.6263788938522339,1.1661945581436157,8.905769921311178e-05,22580.61226185093,2.7564223952454747,0.0007081000003381632,2192203776,2459959296,2515636224,4.088502407073975
sparse75_ngram25m,25050,105201664,205209600,1.2648451328277588,1.1941113471984863,8.80762555566208e-05,18586.80813088833,2.2688974769150794,0.0006990999972913414,2192203776,2459959296,2516697088,4.0714430809021
sparse75_ngram25m,25100,105611264,205619200,1.3234235048294067,1.0933295488357544,8.710079559606185e-05,22554.016622179373,2.7531758571996305,0.000722100001439685,2192203776,2459959296,2518163456,4.073507785797119
sparse75_ngram25m,25150,106020864,206028800,1.6942025423049927,1.336054801940918,8.613139520990197e-05,22519.724001433726,2.7489897462687654,0.0006976000004215166,2192203776,2459959296,2518970368,4.06087589263916
sparse75_ngram25m,25200,106430464,206438400,1.4272464513778687,1.1375648975372314,8.516812980524958e-05,22594.220270577276,2.7580835291232026,0.000736899997718865,2192203776,2459959296,2520281088,4.070302486419678
sparse75_ngram25m,25250,106840064,206848000,1.7564071416854858,1.220646619796753,8.421107431198918e-05,22500.65439214003,2.746661913103031,0.0007203999994089827,2192203776,2459959296,2488336384,4.0381245613098145
sparse75_ngram25m,25300,107249664,207257600,1.2071349620819092,1.1581326723098755,8.326030317695259e-05,22571.88934586253,2.75535758616486,0.0007240999984787777,2192203776,2459959296,2489393152,4.102320194244385
sparse75_ngram25m,25350,107659264,207667200,1.6372712850570679,1.0906450748443604,8.231589035812771e-05,22524.993476526808,2.749632992740089,0.0006853999984741677,2192203776,2459959296,2490650624,4.09190559387207
sparse75_ngram25m,25400,108068864,208076800,1.5015925168991089,1.6310006380081177,8.13779093189061e-05,22533.847533488064,2.750713810240242,0.0007108999998308718,2192203776,2459959296,2491891712,4.100030422210693
sparse75_ngram25m,25450,108478464,208486400,1.7745620012283325,1.2369515895843506,8.044643302236777e-05,22410.085413831774,2.7356061296181364,0.0006933000004210044,2192203776,2459959296,2492821504,4.047423362731934
sparse75_ngram25m,25500,108888064,208896000,1.128461241722107,1.0617060661315918,7.952153392560598e-05,22251.73909604107,2.716276745122201,0.0007163000009313691,2192203776,2459959296,2494308352,4.039772033691406
sparse75_ngram25m,25550,109297664,209305600,1.8726505041122437,1.2867165803909302,7.860328397409099e-05,22107.140833230464,2.698625589993953,0.0007068999984767288,2192203776,2459959296,2495799296,4.066767692565918
sparse75_ngram25m,25600,109707264,209715200,1.3033312559127808,1.1211981773376465,7.769175459607338e-05,22538.081847505586,2.751230694275584,0.0006900000007590279,2192203776,2459959296,2496724992,4.013124465942383
sparse75_ngram25m,25650,110116864,210124800,1.7970901727676392,1.1971195936203003,7.678701669702803e-05,22634.980273136378,2.763059115373093,0.0006917000027897302,2192203776,2459959296,2498072576,4.029516220092773
sparse75_ngram25m,25700,110526464,210534400,1.2364476919174194,1.0916900634765625,7.588914065413869e-05,22587.1868999009,2.757224963366809,0.000701400000252761,2192203776,2459959296,2499301376,4.040523529052734
sparse75_ngram25m,25750,110936064,210944000,1.5950021743774414,1.357848048210144,7.499819631082311e-05,22477.866490289598,2.7438801868029294,0.0007085999968694523,2192203776,2459959296,2500186112,4.030581474304199
sparse75_ngram25m,25800,111345664,211353600,1.3286848068237305,1.2118490934371948,7.41142529713004e-05,22640.109861930327,2.763685285880167,0.0006968000016058795,2192203776,2459959296,2501480448,4.051992416381836
sparse75_ngram25m,25850,111755264,211763200,1.5525327920913696,1.1420255899429321,7.323737939520016e-05,22476.910544421782,2.743763494192112,0.0007248000001709443,2192203776,2459959296,2502668288,4.049970626831055
sparse75_ngram25m,25900,112164864,212172800,1.5503078699111938,1.2324916124343872,7.236764379221333e-05,22624.909273846308,2.761829745342567,0.0006990000001678709,2192203776,2459959296,2503692288,4.058926582336426
sparse75_ngram25m,25950,112574464,212582400,1.7684082984924316,1.1249325275421143,7.150511381678705e-05,22572.82228890912,2.7554714708141015,0.0006812999999965541,2192203776,2459959296,2504998912,4.04862117767334
sparse75_ngram25m,26000,112984064,212992000,1.3960713148117065,1.0835723876953125,7.064985656286145e-05,22589.497648347373,2.757507037151779,0.0007108000027074013,2192203776,2459959296,2506285056,4.045037269592285
sparse75_ngram25m,26050,113393664,213401600,1.3315553665161133,1.415135145187378,6.980193855865072e-05,18864.201010579807,2.302758912424293,0.0007050000021990854,2192203776,2459959296,2508206080,4.055459499359131
sparse75_ngram25m,26100,113803264,213811200,1.7123790979385376,1.1964998245239258,6.896142576146817e-05,22488.04773429109,2.74512301443983,0.0007232999996631406,2192203776,2459959296,2509103104,4.041299343109131
sparse75_ngram25m,26150,114212864,214220800,1.2413800954818726,1.0851794481277466,6.812838355259551e-05,22302.34708264871,2.7224544778623914,0.0007162000001699198,2192203776,2459959296,2509758464,4.038477897644043
sparse75_ngram25m,26200,114622464,214630400,1.2728118896484375,1.2373226881027222,6.730287673219704e-05,22498.695449262832,2.746422784333842,0.0007081000003381632,2192203776,2459959296,2511011840,4.10371208190918
sparse75_ngram25m,26250,115032064,215040000,1.2754430770874023,1.2264058589935303,6.648496951427902e-05,22606.222616731673,2.759548659269003,0.0006964999993215315,2192203776,2459959296,2511753216,4.048342704772949
sparse75_ngram25m,26300,115441664,215449600,1.2791205644607544,1.3573445081710815,6.56747255216944e-05,22358.109113213006,2.7292613663590095,0.0007359000010183081,2192203776,2459959296,2512945152,4.040541648864746
sparse75_ngram25m,26350,115851264,215859200,1.6327950954437256,1.2610361576080322,6.487220778119421e-05,22588.27058841357,2.757357249562203,0.000705400001606904,2192203776,2459959296,2514145280,4.033172130584717
sparse75_ngram25m,26400,116260864,216268800,1.2862262725830078,1.1022580862045288,6.407747871852458e-05,22627.49649609277,2.7621455683706992,0.0006916999991517514,2192203776,2459959296,2514903040,4.0479350090026855
sparse75_ngram25m,26450,116670464,216678400,2.1139962673187256,1.4080020189285278,6.32906001535707e-05,22554.532023759806,2.753238772431617,0.0006859000022814143,2192203776,2459959296,2516107264,4.065232276916504
sparse75_ngram25m,26500,117080064,217088000,1.3565340042114258,1.112359881401062,6.251163329554842e-05,22590.488113946893,2.757627943597033,0.0007106999983079731,2192203776,2459959296,2517200896,4.028439521789551
sparse75_ngram25m,26550,117489664,217497600,1.803446650505066,1.4477818012237549,6.174063873824256e-05,22101.95172756035,2.697992154243207,0.000705400001606904,2192203776,2459959296,2518069248,4.097863674163818
sparse75_ngram25m,26600,117899264,217907200,1.328487515449524,1.3722710609436035,6.097767645529357e-05,22235.848193574282,2.714336937692173,0.0007291000001714565,2192203776,2459959296,2519269376,4.057995796203613
sparse75_ngram25m,26650,118308864,218316800,1.5989280939102173,1.0981332063674927,6.022280579553249e-05,22228.99994466557,2.713500969807809,0.0007512000011047348,2192203776,2459959296,2520338432,4.057077407836914
sparse75_ngram25m,26700,118718464,218726400,1.6876435279846191,1.2678109407424927,5.947608547836422e-05,22171.5987557948,2.7064939887444823,0.0007511000003432855,2192203776,2459959296,2521587712,4.05535888671875
sparse75_ngram25m,26750,119128064,219136000,1.9418660402297974,1.2738679647445679,5.87375735891999e-05,22509.557356947746,2.7477487007992853,0.000838399999338435,2192203776,2459959296,2522652672,4.07706356048584
sparse75_ngram25m,26800,119537664,219545600,1.3626649379730225,1.1841719150543213,5.80073275749387e-05,21182.551080475463,2.5857606299408524,0.0007421000009344425,2192203776,2459959296,2523774976,4.041528224945068
sparse75_ngram25m,26850,119947264,219955200,1.2240104675292969,1.027063012123108,5.728540423949897e-05,22596.725681617176,2.758389365431784,0.0007020999983069487,2192203776,2459959296,2524581888,4.058404922485352
sparse75_ngram25m,26900,120356864,220364800,1.0820568799972534,1.0330157279968262,5.6571859739399895e-05,22066.177522387396,2.693625185838305,0.0009620999990147538,2192203776,2459959296,2525810688,4.116656303405762
sparse75_ngram25m,26950,120766464,220774400,0.7674782276153564,1.0246549844741821,5.5866749579392985e-05,22340.54883256973,2.727117777413297,0.000736400001187576,2192203776,2459959296,2526740480,4.060964584350586
sparse75_ngram25m,27000,121176064,221184000,1.5226656198501587,1.194414734840393,5.517012860814465e-05,22278.631931110536,2.7195595619031416,0.0007332000022870488,2192203776,2459959296,2527473664,4.050654411315918
sparse75_ngram25m,27050,121585664,221593600,1.6823935508728027,1.3447905778884888,5.4482051013969536e-05,18712.796267978607,2.2842768881809823,0.0006987999986449722,2192203776,2459959296,2528788480,4.03151798248291
sparse75_ngram25m,27100,121995264,222003200,1.5678547620773315,1.3135347366333008,5.380257032061559e-05,18699.6954907739,2.2826776722136106,0.0006983999992371537,2192203776,2459959296,2529554432,4.035257339477539
sparse75_ngram25m,27150,122404864,222412800,1.8171701431274414,1.2991960048675537,5.313173938310024e-05,18775.90367623608,2.2919804292280372,0.0006887999988975935,2192203776,2459959296,2530603008,4.0810041427612305
sparse75_ngram25m,27200,122814464,222822400,1.7147170305252075,1.0590364933013916,5.246961038359927e-05,18782.421286037614,2.2927760358932634,0.000707800001691794,2192203776,2459959296,2531545088,4.054404258728027
sparse75_ngram25m,27250,123224064,223232000,1.3575003147125244,1.1889277696609497,5.1816234827387556e-05,22634.661314583343,2.7630201800028495,0.0007034000009298325,2192203776,2459959296,2532507648,4.084452152252197
sparse75_ngram25m,27300,123633664,223641600,1.1666898727416992,1.2759246826171875,5.117166353883259e-05,22657.285871718508,2.765781966762513,0.0006785000005038455,2192203776,2459959296,2533457920,4.035821914672852
sparse75_ngram25m,27350,124043264,224051200,1.2985934019088745,1.296183705329895,5.0535946657441045e-05,22341.596796799964,2.7272457027343706,0.0007073000015225261,2192203776,2459959296,2534268928,4.038618087768555
sparse75_ngram25m,27400,124452864,224460800,1.6920256614685059,1.3440914154052734,4.990913363395854e-05,21993.369235450165,2.6847374554992878,0.0006959000020287931,2192203776,2459959296,2535243776,4.058965682983398
sparse75_ngram25m,27450,124862464,224870400,1.6241672039031982,1.1887966394424438,4.9291273226522936e-05,22154.713569400566,2.7044328087647176,0.0007135000014386605,2192203776,2459959296,2536198144,4.062250137329102
sparse75_ngram25m,27500,125272064,225280000,1.496471643447876,1.2289516925811768,4.868241349687165e-05,22338.684673480202,2.7268902189306887,0.000705099999322556,2192203776,2459959296,2536824832,4.021203994750977
sparse75_ngram25m,27550,125681664,225689600,1.4979125261306763,1.411421775817871,4.808260180660304e-05,22702.23053847968,2.7712683762792576,0.0007341999989876058,2192203776,2459959296,2537906176,4.102900981903076
sparse75_ngram25m,27600,126091264,226099200,1.3716976642608643,1.121222972869873,4.749188481349223e-05,22650.764311188297,2.7649858778306027,0.0007003999999142252,2192203776,2459959296,2539061248,4.010954856872559
sparse75_ngram25m,27650,126500864,226508800,1.0922236442565918,1.1885145902633667,4.691030846786183e-05,22714.297557896247,2.7727414011103817,0.0007279999990714714,2192203776,2459959296,2539659264,4.099290370941162
sparse75_ngram25m,27700,126910464,226918400,1.32186758518219,1.3199383020401,4.633791800900735e-05,22569.159375900974,2.755024337878537,0.000693199999659555,2192203776,2459959296,2540703744,4.0897135734558105
sparse75_ngram25m,27750,127320064,227328000,1.6478331089019775,1.443009853363037,4.577475796167845e-05,22123.105141989618,2.7005743581530295,0.0007233999967866112,2192203776,2459959296,2541740032,4.082184314727783
sparse75_ngram25m,27800,127729664,227737600,1.4319201707839966,1.1268024444580078,4.5220872132615255e-05,22519.637332696464,2.748979166588924,0.0007000000005064066,2192203776,2459959296,2542387200,4.021114826202393
sparse75_ngram25m,27850,128139264,228147200,1.9389647245407104,1.6554501056671143,4.4676303607140876e-05,22550.94953763641,2.752801457231007,0.000700100001267856,2192203776,2459959296,2543427584,4.054103851318359
sparse75_ngram25m,27900,128548864,228556800,1.6800403594970703,1.3153401613235474,4.414109474580982e-05,22553.079023893297,2.7530614042838497,0.000703499998053303,2192203776,2459959296,2544418816,4.067687511444092
sparse75_ngram25m,27950,128958464,228966400,1.0875920057296753,1.0937167406082153,4.361528718111295e-05,22588.33287231147,2.7573648525770835,0.0006637000005866867,2192203776,2459959296,2545168384,4.118607044219971
sparse75_ngram25m,28000,129368064,229376000,1.3137015104293823,1.1432758569717407,4.309892181423892e-05,22553.911060751467,2.753162971283138,0.000693199999659555,2192203776,2459959296,2546065408,4.050437927246094
sparse75_ngram25m,28050,129777664,229785600,1.7796303033828735,1.1354539394378662,4.259203881189267e-05,18603.045703729942,2.2708796025060964,0.0007033000001683831,2192203776,2459959296,2546716672,4.0521745681762695
sparse75_ngram25m,28100,130187264,230195200,1.6949437856674194,1.276739239692688,4.209467760317094e-05,18848.254753298566,2.3008123478147664,0.0006839000016043428,2192203776,2459959296,2547687424,4.089923858642578
sparse75_ngram25m,28150,130596864,230604800,1.7579028606414795,1.3791801929473877,4.160687687649511e-05,22569.035019377352,2.755009157638837,0.0006921999993210193,2192203776,2459959296,2548723712,4.053166389465332
sparse75_ngram25m,28200,131006464,231014400,1.4319473505020142,1.091493844985962,4.112867457660184e-05,22170.71668364743,2.7063863139218056,0.000714899997547036,2192203776,2459959296,2549415936,4.036547660827637
sparse75_ngram25m,28250,131416064,231424000,1.7562141418457031,1.215369701385498,4.066010790159135e-05,22076.286613425746,2.6948592057404475,0.0007173000012699049,2192203776,2459959296,2550267904,4.040679931640625
sparse75_ngram25m,28300,131825664,231833600,1.2854071855545044,1.4096355438232422,4.020121330003394e-05,22427.71838200493,2.737758591553336,0.0007073000015225261,2192203776,2459959296,2551296000,4.037594795227051
sparse75_ngram25m,28350,132235264,232243200,1.5604772567749023,1.292486548423767,3.975202646813474e-05,22457.51316505682,2.74139565003135,0.000701700002537109,2192203776,2459959296,2551967744,4.0369133949279785
sparse75_ngram25m,28400,132644864,232652800,1.829468011856079,1.3275134563446045,3.9312582346956965e-05,22526.60391362271,2.749829579299647,0.0006847000004199799,2192203776,2459959296,2552946688,4.0713791847229
sparse75_ngram25m,28450,133054464,233062400,0.9727370142936707,1.0125603675842285,3.888291511970403e-05,22417.284952583926,2.7364849795634676,0.0007489000017812941,2192203776,2459959296,2553749504,4.041240215301514
sparse75_ngram25m,28500,133464064,233472000,1.6653467416763306,1.4367924928665161,3.846305820906039e-05,22469.60486732609,2.7428716879060167,0.000683400001435075,2192203776,2459959296,2554404864,4.05775260925293
sparse75_ngram25m,28550,133873664,233881600,1.202003002166748,1.1057024002075195,3.805304427459179e-05,22410.257069583167,2.7356270836893515,0.0007159000015235506,2192203776,2459959296,2555420672,4.017154693603516
sparse75_ngram25m,28600,134283264,234291200,1.397393822669983,1.1036323308944702,3.765290521020467e-05,22585.841776123223,2.757060763686917,0.0006847000004199799,2192203776,2459959296,2556035072,4.036215782165527
sparse75_ngram25m,28650,134692864,234700800,1.9604690074920654,1.4095906019210815,3.72626721416654e-05,22654.391113470952,2.765428602718622,0.0006900000007590279,2192203776,2459959296,2556846080,4.072304725646973
sparse75_ngram25m,28700,135102464,235110400,1.1991029977798462,1.481050968170166,3.688237542417883e-05,22756.358349175465,2.777875775045833,0.0006763999990653247,2192203776,2459959296,2557730816,4.082304954528809
sparse75_ngram25m,28750,135512064,235520000,1.1616309881210327,1.2445462942123413,3.651204464002724e-05,22381.180574685102,2.73207770687074,0.0006910000010975637,2192203776,2459959296,2558373888,4.054692268371582
sparse75_ngram25m,28800,135921664,235929600,1.4976212978363037,1.3187425136566162,3.615170859626917e-05,22608.98652017952,2.7598860498266014,0.0006936999998288229,2192203776,2459959296,2559123456,4.056763172149658
sparse75_ngram25m,28850,136331264,236339200,1.4509025812149048,1.2257565259933472,3.5801395322498496e-05,22669.54980224862,2.7672790285948023,0.0007192999983089976,2192203776,2459959296,2559975424,4.045781135559082
sparse75_ngram25m,28900,136740864,236748800,1.1679515838623047,1.0408750772476196,3.546113206866419e-05,22439.47682494894,2.7391939483580248,0.0007024999977147672,2192203776,2459959296,2560385024,4.049008369445801
sparse75_ngram25m,28950,137150464,237158400,1.4168857336044312,1.1649783849716187,3.5130945302950626e-05,18873.697364571744,2.3039181353236993,0.0006786999983887654,2192203776,2459959296,2561236992,4.029864311218262
sparse75_ngram25m,29000,137560064,237568000,1.761479377746582,1.468903660774231,3.4810860709718566e-05,18634.414934743374,2.2747088543387908,0.0006866000003356021,2192203776,2459959296,2562138112,4.091454029083252
sparse75_ngram25m,29050,137969664,237977600,1.4608759880065918,1.278294324874878,3.4500903187507435e-05,18976.97605415579,2.3165253972358144,0.0006868999989819713,2192203776,2459959296,2562850816,4.05361270904541
sparse75_ngram25m,29100,138379264,238387200,0.8494886755943298,1.0770460367202759,3.420109684709826e-05,22392.137385764316,2.733415208223183,0.0007101000010152347,2192203776,2459959296,2563665920,4.0486979484558105
sparse75_ngram25m,29150,138788864,238796800,1.2589094638824463,1.319547414779663,3.3911465009638435e-05,22755.075170619828,2.777719137038553,0.0006901000015204772,2192203776,2459959296,2564120576,4.078222274780273
sparse75_ngram25m,29200,139198464,239206400,1.3442583084106445,1.1812101602554321,3.36320302048275e-05,22292.62443939243,2.7212676317617714,0.0007016000017756596,2192203776,2459959296,2565062656,4.036103248596191
sparse75_ngram25m,29250,139608064,239616000,1.4011526107788086,1.2019466161727905,3.3362814169164585e-05,22091.080402555926,2.6966650882026277,0.0007048000006761868,2192203776,2459959296,2565865472,4.019468307495117
sparse75_ngram25m,29300,140017664,240025600,1.5603951215744019,1.370179295539856,3.3103837844257594e-05,22726.84397598043,2.7742729462866738,0.0007016999988991302,2192203776,2459959296,2566332416,4.085910797119141
sparse75_ngram25m,29350,140427264,240435200,2.1769368648529053,1.6310425996780396,3.2855121375194315e-05,22244.397830418427,2.7153805945334994,0.0007342999997490551,2192203776,2459959296,2567217152,4.050597667694092
sparse75_ngram25m,29400,140836864,240844800,1.8808919191360474,1.1586674451828003,3.2616684108975226e-05,22245.309938023827,2.7154919357939242,0.0006977999983064365,2192203776,2459959296,2567942144,4.094232082366943
sparse75_ngram25m,29450,141246464,241254400,1.1433345079421997,1.121470332145691,3.238854459300874e-05,22671.488416937074,2.767515675895639,0.0007231000017782208,2192203776,2459959296,2568470528,4.045439720153809
sparse75_ngram25m,29500,141656064,241664000,1.6138123273849487,1.3452662229537964,3.217072057366823e-05,22281.746593020576,2.719939769655832,0.0007133999970392324,2192203776,2459959296,2569244672,4.038168907165527
sparse75_ngram25m,29550,142065664,242073600,1.2638211250305176,1.1554111242294312,3.196322899491177e-05,22614.222943810677,2.7605252616956393,0.0006904000001668464,2192203776,2459959296,2570121216,4.043097496032715
sparse75_ngram25m,29600,142475264,242483200,1.896917462348938,1.4048304557800293,3.176608599696396e-05,22588.837386197767,2.7574264387448446,0.0006992999988142401,2192203776,2459959296,2570661888,4.03236722946167
sparse75_ngram25m,29650,142884864,242892800,1.061177372932434,1.1062291860580444,3.157930691506059e-05,22202.67803534183,2.710287846111063,0.0007426999982271809,2192203776,2459959296,2571386880,4.042944431304932
sparse75_ngram25m,29700,143294464,243302400,1.4141334295272827,1.2110964059829712,3.1402906278255555e-05,22236.988972759405,2.7144761929637946,0.0007067000005918089,2192203776,2459959296,2572386304,4.067078590393066
sparse75_ngram25m,29750,143704064,243712000,1.3628101348876953,1.2395250797271729,3.1236897808290864e-05,22790.367842391395,2.7820273245106684,0.0006542000010085758,2192203776,2459959296,2572894208,4.052832126617432
sparse75_ngram25m,29800,144113664,244121600,1.243543267250061,1.174544334411621,3.108129441852914e-05,22395.106319402465,2.7337776268801837,0.0007339000003412366,2192203776,2459959296,2573664256,4.058915615081787
sparse75_ngram25m,29850,144523264,244531200,1.4064409732818604,1.5062358379364014,3.093610821294914e-05,22363.779413373642,2.729953541671587,0.0007100999973772559,2192203776,2459959296,2574311424,4.043628692626953
sparse75_ngram25m,29900,144932864,244940800,1.4659945964813232,1.3914196491241455,3.0801350485204266e-05,22725.513689160332,2.7741105577588296,0.0006892000019433908,2192203776,2459959296,2574974976,4.053797245025635
sparse75_ngram25m,29950,145342464,245350400,1.507456660270691,1.3711895942687988,3.0677031717744036e-05,22421.647399787238,2.7370175048568406,0.0007296000003407244,2192203776,2459959296,2575585280,4.037144660949707
sparse75_ngram25m,30000,145752064,245760000,1.374829888343811,1.3535761833190918,3.056316158099867e-05,22642.519068739213,2.7639793785082047,0.000701400000252761,2192203776,2459959296,2576171008,4.060177803039551
sparse75_ngram25m,30050,146161664,246169600,1.2204618453979492,0.9579291939735413,3.0459748932626874e-05,18896.47100563632,2.3066981208052146,0.0007121000016923063,2192203776,2459959296,2576990208,4.029498100280762
sparse75_ngram25m,30100,146571264,246579200,1.6675304174423218,1.442360520362854,3.0366801816826805e-05,22196.355375713654,2.7095160370744207,0.0006958999983908143,2192203776,2459959296,2577481728,4.034455299377441
sparse75_ngram25m,30150,146980864,246988800,1.2075300216674805,1.322465181350708,3.0284327463710326e-05,22573.456734025338,2.7555489177277024,0.0006647000009252224,2192203776,2459959296,2578391040,4.051936626434326
sparse75_ngram25m,30200,147390464,247398400,1.0843677520751953,1.1225751638412476,3.0212332288740646e-05,22577.774396912955,2.7560759761856635,0.0006933000004210044,2192203776,2459959296,2578739200,4.060088634490967
sparse75_ngram25m,30250,147800064,247808000,1.6899843215942383,1.2209527492523193,3.0150821892233238e-05,22584.235310509477,2.7568646619274264,0.0006608000003325287,2192203776,2459959296,2579095552,4.0655951499938965
sparse75_ngram25m,30300,148209664,248217600,1.5589638948440552,1.2501362562179565,3.009980105892018e-05,22243.443519647743,2.7152641015195,0.0007377000001724809,2192203776,2459959296,2579890176,4.0644450187683105
sparse75_ngram25m,30350,148619264,248627200,1.3170039653778076,1.1674160957336426,3.0059273757578043e-05,22273.059223158027,2.7188792997019076,0.0007373000007646624,2192203776,2459959296,2580611072,4.049696922302246
sparse75_ngram25m,30400,149028864,249036800,1.6302179098129272,1.2144343852996826,3.0029243140719076e-05,22269.886448645917,2.7184919981257223,0.0006998000026214868,2192203776,2459959296,2580942848,4.055159568786621
sparse75_ngram25m,30450,149438464,249446400,1.164911150932312,1.1561036109924316,3.000971154434607e-05,22667.592702725447,2.767040124844415,0.0006911999989824835,2192203776,2459959296,2581688320,4.021242618560791
sparse75_ngram25m,30500,149848064,249856000,1.6463489532470703,1.440436601638794,3.000068048777054e-05,22613.835902211224,2.7604780154066435,0.0007019000004220288,2192203776,2459959296,2582274048,4.099010467529297
